行政區別,村里別,投開票所別,號次1,號次2,有效票數A（A＝1＋2＋…＋N）,無效票數B,投票數C（C＝A＋B）,已領未投票數D（D＝E－C）,發出票數E（E＝C＋D）,用餘票數F,選舉人數(原領票數)G（G＝E＋F）,投票率H（H＝C÷G）
草屯鎮,玉峰里,1,188,326,514,2,516,0,516,423,939,54.95%
草屯鎮,玉峰里,2,193,362,555,2,557,0,557,503,1060,52.55%
草屯鎮,明正里,3,250,423,673,6,679,0,679,661,1340,50.67%
草屯鎮,明正里,4,139,325,464,6,470,0,470,531,1001,46.95%
草屯鎮,明正里,5,176,454,630,1,631,0,631,565,1196,52.76%
草屯鎮,炎峰里,6,168,288,456,3,459,0,459,527,986,46.55%
草屯鎮,炎峰里,7,173,333,506,4,510,0,510,480,990,51.52%
草屯鎮,中正里,8,102,189,291,1,292,0,292,298,590,49.49%
草屯鎮,和平里,9,235,296,531,5,536,0,536,435,971,55.20%
草屯鎮,中山里,10,197,330,527,4,531,1,532,521,1053,50.43%
草屯鎮,中山里,11,234,355,589,3,592,0,592,588,1180,50.17%
草屯鎮,敦和里,12,221,385,606,4,610,0,610,593,1203,50.71%
草屯鎮,敦和里,13,170,386,556,2,558,0,558,638,1196,46.66%
草屯鎮,敦和里,14,224,409,633,4,637,0,637,552,1189,53.57%
草屯鎮,敦和里,15,271,449,720,10,730,0,730,653,1383,52.78%
草屯鎮,敦和里,16,275,381,656,4,660,0,660,531,1191,55.42%
草屯鎮,山腳里,17,189,436,625,8,633,0,633,557,1190,53.19%
草屯鎮,山腳里,18,158,449,607,1,608,0,608,620,1228,49.51%
草屯鎮,山腳里,19,143,447,590,2,592,0,592,563,1155,51.26%
草屯鎮,山腳里,20,148,426,574,6,580,0,580,595,1175,49.36%
草屯鎮,山腳里,21,187,614,801,3,804,0,804,680,1484,54.18%
草屯鎮,山腳里,22,206,506,712,5,717,0,717,620,1337,53.63%
草屯鎮,新厝里,23,154,315,469,4,473,0,473,431,904,52.32%
草屯鎮,新厝里,24,207,515,722,4,726,0,726,598,1324,54.83%
草屯鎮,新厝里,25,138,305,443,3,446,0,446,432,878,50.80%
草屯鎮,上林里,26,172,425,597,6,603,0,603,487,1090,55.32%
草屯鎮,上林里,27,136,370,506,2,508,0,508,483,991,51.26%
草屯鎮,上林里,28,147,361,508,6,514,0,514,485,999,51.45%
草屯鎮,碧峰里,29,188,304,492,3,495,0,495,535,1030,48.06%
草屯鎮,碧峰里,30,189,320,509,10,519,0,519,495,1014,51.18%
草屯鎮,碧峰里,31,204,312,516,4,520,0,520,646,1166,44.60%
草屯鎮,碧峰里,32,229,386,615,6,621,0,621,667,1288,48.21%
草屯鎮,碧洲里,33,205,589,794,5,799,0,799,625,1424,56.11%
草屯鎮,碧洲里,34,140,349,489,3,492,0,492,522,1014,48.52%
草屯鎮,復興里,35,179,361,540,2,542,0,542,469,1011,53.61%
草屯鎮,復興里,36,169,258,427,6,433,0,433,386,819,52.87%
草屯鎮,復興里,37,167,292,459,3,462,0,462,455,917,50.38%
草屯鎮,御史里,38,238,432,670,2,672,0,672,656,1328,50.60%
草屯鎮,御史里,39,209,385,594,1,595,0,595,585,1180,50.42%
草屯鎮,御史里,40,263,327,590,6,596,0,596,698,1294,46.06%
草屯鎮,御史里,41,165,217,382,3,385,0,385,440,825,46.67%
草屯鎮,御史里,42,231,364,595,6,601,0,601,698,1299,46.27%
草屯鎮,新豐里,43,223,290,513,3,516,0,516,462,978,52.76%
草屯鎮,新豐里,44,235,306,541,3,544,0,544,489,1033,52.66%
草屯鎮,新豐里,45,219,245,464,6,470,0,470,465,935,50.27%
草屯鎮,新豐里,46,302,200,502,7,509,0,509,422,931,54.67%
草屯鎮,新庄里,47,221,346,567,9,576,0,576,550,1126,51.15%
草屯鎮,新庄里,48,159,432,591,4,595,0,595,510,1105,53.85%
草屯鎮,新庄里,49,215,413,628,4,632,0,632,769,1401,45.11%
草屯鎮,加老里,50,178,291,469,0,469,0,469,394,863,54.35%
草屯鎮,加老里,51,229,476,705,7,712,0,712,524,1236,57.61%
草屯鎮,石川里,52,119,244,363,0,363,0,363,378,741,48.99%
草屯鎮,石川里,53,152,253,405,3,408,0,408,366,774,52.71%
草屯鎮,北投里,54,254,254,508,2,510,0,510,413,923,55.25%
草屯鎮,北投里,55,177,216,393,1,394,0,394,532,926,42.55%
草屯鎮,北投里,56,250,257,507,5,512,0,512,497,1009,50.74%
草屯鎮,富寮里,57,314,473,787,2,789,0,789,902,1691,46.66%
草屯鎮,富寮里,58,221,419,640,8,648,0,648,688,1336,48.50%
草屯鎮,富寮里,59,187,278,465,1,466,0,466,539,1005,46.37%
草屯鎮,富寮里,60,154,221,375,4,379,0,379,636,1015,37.34%
草屯鎮,富寮里,61,265,341,606,3,609,0,609,783,1392,43.75%
草屯鎮,富寮里,62,143,230,373,1,374,0,374,321,695,53.81%
草屯鎮,北勢里,63,114,222,336,3,339,0,339,292,631,53.72%
草屯鎮,北勢里,64,116,216,332,3,335,0,335,258,593,56.49%
草屯鎮,北勢里,65,95,143,238,3,241,0,241,219,460,52.39%
草屯鎮,中原里,66,184,309,493,2,495,0,495,601,1096,45.16%
草屯鎮,中原里,67,203,272,475,3,478,0,478,426,904,52.88%
草屯鎮,南埔里,68,189,338,527,2,529,0,529,548,1077,49.12%
草屯鎮,南埔里,69,181,255,436,3,439,0,439,473,912,48.14%
草屯鎮,南埔里,70,166,363,529,4,533,0,533,462,995,53.57%
草屯鎮,南埔里,71,215,311,526,5,531,0,531,505,1036,51.25%
草屯鎮,坪頂里,72,147,372,519,3,522,0,522,426,948,55.06%
草屯鎮,土城里,73,73,222,295,3,298,0,298,310,608,49.01%
草屯鎮,土城里,74,147,278,425,1,426,0,426,516,942,45.22%
草屯鎮,平林里,75,118,512,630,2,632,0,632,372,1004,62.95%
草屯鎮,雙冬里,76,148,345,493,6,499,0,499,626,1125,44.36%
草屯鎮,雙冬里,77,107,406,513,6,519,0,519,486,1005,51.64%