prv_code,city_code,area_code,dept_code,li_code,tbox_no,valid_ticket,invalid_ticket,vote_ticket,votable_population,population,cand_male_num,cand_female_num,cand_num,elected_male_num,elected_female_num,elected_num,elect_to_population,vote_to_elect,elected_to_cand
00,000,00,000,0000,0000,53563,2051,55614,91627,113557,92,42,134,49,23,72,80.69,60.70,53.73
10,005,00,000,0000,0000,910,16,926,1398,1779,2,0,2,1,0,1,78.58,66.24,50.00
10,005,04,110,0001,0000,41,0,41,55,0,2,0,2,1,0,1,0.00,74.55,50.00
10,005,04,110,0002,0000,35,0,35,48,0,2,0,2,1,0,1,0.00,72.92,50.00
10,005,04,110,0003,0000,188,4,192,283,0,2,0,2,1,0,1,0.00,67.84,50.00
10,005,04,110,0004,0000,11,0,11,15,0,2,0,2,1,0,1,0.00,73.33,50.00
10,005,04,110,0005,0000,9,0,9,17,0,2,0,2,1,0,1,0.00,52.94,50.00
10,005,04,110,0006,0000,3,1,4,6,0,2,0,2,1,0,1,0.00,66.67,50.00
10,005,04,110,0007,0000,3,0,3,4,0,2,0,2,1,0,1,0.00,75.00,50.00
10,005,04,110,0008,0000,229,2,231,381,0,2,0,2,1,0,1,0.00,60.63,50.00
10,005,04,110,0009,0000,391,9,400,589,0,2,0,2,1,0,1,0.00,67.91,50.00
10,005,04,110,0001,0425,41,0,41,55,0,2,0,2,1,0,1,0.00,74.55,50.00
10,005,04,110,0002,0426,35,0,35,48,0,2,0,2,1,0,1,0.00,72.92,50.00
10,005,04,110,0003,0427,188,4,192,283,0,2,0,2,1,0,1,0.00,67.84,50.00
10,005,04,110,0004,0428,11,0,11,15,0,2,0,2,1,0,1,0.00,73.33,50.00
10,005,04,110,0005,0429,9,0,9,17,0,2,0,2,1,0,1,0.00,52.94,50.00
10,005,04,110,0006,0430,3,1,4,6,0,2,0,2,1,0,1,0.00,66.67,50.00
10,005,04,110,0007,0431,3,0,3,4,0,2,0,2,1,0,1,0.00,75.00,50.00
10,005,04,110,0008,0432,229,2,231,381,0,2,0,2,1,0,1,0.00,60.63,50.00
10,005,04,110,0009,0433,391,9,400,589,0,2,0,2,1,0,1,0.00,67.91,50.00
10,005,00,110,0000,0000,910,16,926,1398,1779,2,0,2,1,0,1,78.58,66.24,50.00
10,005,04,110,0000,0000,910,16,926,1398,1779,2,0,2,1,0,1,78.58,66.24,50.00
10,013,00,000,0000,0000,927,25,952,1143,1312,2,0,2,1,0,1,87.12,83.29,50.00
10,013,04,240,0001,0000,196,6,202,236,0,2,0,2,1,0,1,0.00,85.59,50.00
10,013,04,240,0002,0000,104,3,107,129,0,2,0,2,1,0,1,0.00,82.95,50.00
10,013,04,240,0003,0000,239,4,243,304,0,2,0,2,1,0,1,0.00,79.93,50.00
10,013,04,240,0004,0000,138,1,139,173,0,2,0,2,1,0,1,0.00,80.35,50.00
10,013,04,240,0005,0000,39,1,40,44,0,2,0,2,1,0,1,0.00,90.91,50.00
10,013,04,240,0006,0000,148,7,155,183,0,2,0,2,1,0,1,0.00,84.70,50.00
10,013,04,240,0007,0000,30,1,31,36,0,2,0,2,1,0,1,0.00,86.11,50.00
10,013,04,240,0008,0000,33,2,35,38,0,2,0,2,1,0,1,0.00,92.11,50.00
10,013,04,240,0001,0633,196,6,202,236,0,2,0,2,1,0,1,0.00,85.59,50.00
10,013,04,240,0002,0634,104,3,107,129,0,2,0,2,1,0,1,0.00,82.95,50.00
10,013,04,240,0005,0635,39,1,40,44,0,2,0,2,1,0,1,0.00,90.91,50.00
10,013,04,240,0003,0636,239,4,243,304,0,2,0,2,1,0,1,0.00,79.93,50.00
10,013,04,240,0004,0637,138,1,139,173,0,2,0,2,1,0,1,0.00,80.35,50.00
10,013,04,240,0006,0638,148,7,155,183,0,2,0,2,1,0,1,0.00,84.70,50.00
10,013,04,240,0007,0639,30,1,31,36,0,2,0,2,1,0,1,0.00,86.11,50.00
10,013,04,240,0008,0640,33,2,35,38,0,2,0,2,1,0,1,0.00,92.11,50.00
10,013,00,240,0000,0000,927,25,952,1143,1312,2,0,2,1,0,1,87.12,83.29,50.00
10,013,04,240,0000,0000,927,25,952,1143,1312,2,0,2,1,0,1,87.12,83.29,50.00
10,014,00,000,0000,0000,26796,885,27681,44161,54438,45,25,70,24,14,38,81.12,62.68,54.29
10,014,00,010,0000,0000,8156,371,8527,14714,19481,6,2,8,3,1,4,75.53,57.95,50.00
10,014,05,010,0000,0000,8156,371,8527,14714,19481,6,2,8,3,1,4,75.53,57.95,50.00
10,014,00,020,0000,0000,3448,82,3530,5992,6868,5,3,8,4,2,6,87.25,58.91,75.00
10,014,02,020,0000,0000,3448,82,3530,5992,6868,5,3,8,4,2,6,87.25,58.91,75.00
10,014,02,020,0001,0000,351,13,364,510,0,5,3,8,4,2,6,0.00,71.37,75.00
10,014,02,020,0002,0000,313,7,320,560,0,5,3,8,4,2,6,0.00,57.14,75.00
10,014,02,020,0003,0000,508,10,518,886,0,5,3,8,4,2,6,0.00,58.47,75.00
10,014,02,020,0004,0000,784,17,801,1426,0,5,3,8,4,2,6,0.00,56.17,75.00
10,014,02,020,0005,0000,136,5,141,277,0,5,3,8,4,2,6,0.00,50.90,75.00
10,014,02,020,0006,0000,257,6,263,456,0,5,3,8,4,2,6,0.00,57.68,75.00
10,014,02,020,0007,0000,334,8,342,556,0,5,3,8,4,2,6,0.00,61.51,75.00
10,014,02,020,0008,0000,765,16,781,1321,0,5,3,8,4,2,6,0.00,59.12,75.00
10,014,02,020,0008,0092,177,6,183,341,0,5,3,8,4,2,6,0.00,53.67,75.00
10,014,02,020,0008,0093,426,5,431,716,0,5,3,8,4,2,6,0.00,60.20,75.00
10,014,02,020,0008,0094,162,5,167,264,0,5,3,8,4,2,6,0.00,63.26,75.00
10,014,02,020,0007,0095,334,8,342,556,0,5,3,8,4,2,6,0.00,61.51,75.00
10,014,02,020,0006,0096,123,2,125,213,0,5,3,8,4,2,6,0.00,58.69,75.00
10,014,02,020,0006,0097,90,4,94,167,0,5,3,8,4,2,6,0.00,56.29,75.00
10,014,02,020,0006,0098,44,0,44,76,0,5,3,8,4,2,6,0.00,57.89,75.00
10,014,02,020,0005,0099,60,2,62,108,0,5,3,8,4,2,6,0.00,57.41,75.00
10,014,02,020,0005,0100,76,3,79,169,0,5,3,8,4,2,6,0.00,46.75,75.00
10,014,02,020,0004,0101,425,10,435,769,0,5,3,8,4,2,6,0.00,56.57,75.00
10,014,02,020,0004,0102,359,7,366,657,0,5,3,8,4,2,6,0.00,55.71,75.00
10,014,02,020,0003,0103,178,4,182,305,0,5,3,8,4,2,6,0.00,59.67,75.00
10,014,02,020,0003,0104,330,6,336,581,0,5,3,8,4,2,6,0.00,57.83,75.00
10,014,02,020,0002,0105,185,1,186,295,0,5,3,8,4,2,6,0.00,63.05,75.00
10,014,02,020,0002,0106,128,6,134,265,0,5,3,8,4,2,6,0.00,50.57,75.00
10,014,02,020,0001,0107,195,12,207,291,0,5,3,8,4,2,6,0.00,71.13,75.00
10,014,02,020,0001,0108,156,1,157,219,0,5,3,8,4,2,6,0.00,71.69,75.00
10,014,02,070,0001,0000,331,14,345,622,0,6,5,11,3,1,4,0.00,55.47,36.36
10,014,02,070,0002,0000,438,12,450,690,0,6,5,11,3,1,4,0.00,65.22,36.36
10,014,02,070,0003,0000,475,8,483,650,0,6,5,11,3,1,4,0.00,74.31,36.36
10,014,02,070,0004,0000,37,3,40,67,0,6,5,11,3,1,4,0.00,59.70,36.36
10,014,02,070,0005,0000,205,7,212,297,0,6,5,11,3,1,4,0.00,71.38,36.36
10,014,02,070,0006,0000,183,12,195,366,0,6,5,11,3,1,4,0.00,53.28,36.36
10,014,02,070,0007,0000,645,16,661,957,0,6,5,11,3,1,4,0.00,69.07,36.36
10,014,02,070,0007,0162,140,4,144,219,0,6,5,11,3,1,4,0.00,65.75,36.36
10,014,02,070,0007,0163,180,8,188,284,0,6,5,11,3,1,4,0.00,66.20,36.36
10,014,02,070,0007,0164,325,4,329,454,0,6,5,11,3,1,4,0.00,72.47,36.36
10,014,02,070,0006,0165,183,12,195,366,0,6,5,11,3,1,4,0.00,53.28,36.36
10,014,02,070,0005,0166,205,7,212,297,0,6,5,11,3,1,4,0.00,71.38,36.36
10,014,02,070,0003,0167,475,8,483,650,0,6,5,11,3,1,4,0.00,74.31,36.36
10,014,02,070,0002,0168,438,12,450,690,0,6,5,11,3,1,4,0.00,65.22,36.36
10,014,02,070,0001,0169,180,10,190,306,0,6,5,11,3,1,4,0.00,62.09,36.36
10,014,02,070,0001,0170,73,1,74,161,0,6,5,11,3,1,4,0.00,45.96,36.36
10,014,02,070,0001,0171,78,3,81,155,0,6,5,11,3,1,4,0.00,52.26,36.36
10,014,02,070,0004,0172,37,3,40,67,0,6,5,11,3,1,4,0.00,59.70,36.36
10,014,02,080,0001,0000,246,7,253,372,0,4,3,7,2,2,4,0.00,68.01,57.14
10,014,02,080,0002,0000,477,10,487,773,0,4,3,7,2,2,4,0.00,63.00,57.14
10,014,02,080,0003,0000,63,1,64,120,0,4,3,7,2,2,4,0.00,53.33,57.14
10,014,02,080,0004,0000,497,7,504,794,0,4,3,7,2,2,4,0.00,63.48,57.14
10,014,02,080,0005,0000,392,9,401,562,0,4,3,7,2,2,4,0.00,71.35,57.14
10,014,02,080,0006,0000,620,10,630,892,0,4,3,7,2,2,4,0.00,70.63,57.14
10,014,02,080,0006,0173,293,3,296,413,0,4,3,7,2,2,4,0.00,71.67,57.14
10,014,02,080,0006,0174,327,7,334,479,0,4,3,7,2,2,4,0.00,69.73,57.14
10,014,02,080,0005,0175,392,9,401,562,0,4,3,7,2,2,4,0.00,71.35,57.14
10,014,02,080,0004,0176,158,2,160,289,0,4,3,7,2,2,4,0.00,55.36,57.14
10,014,02,080,0004,0177,339,5,344,505,0,4,3,7,2,2,4,0.00,68.12,57.14
10,014,02,080,0003,0178,63,1,64,120,0,4,3,7,2,2,4,0.00,53.33,57.14
10,014,02,080,0002,0179,295,1,296,464,0,4,3,7,2,2,4,0.00,63.79,57.14
10,014,02,080,0002,0180,150,7,157,246,0,4,3,7,2,2,4,0.00,63.82,57.14
10,014,02,080,0002,0181,32,2,34,63,0,4,3,7,2,2,4,0.00,53.97,57.14
10,014,02,080,0001,0182,1,0,1,1,0,4,3,7,2,2,4,0.00,100.00,57.14
10,014,02,080,0001,0183,245,7,252,371,0,4,3,7,2,2,4,0.00,67.92,57.14
10,014,02,100,0001,0000,505,5,510,632,0,4,3,7,2,2,4,0.00,80.70,57.14
10,014,02,100,0002,0000,746,12,758,965,0,4,3,7,2,2,4,0.00,78.55,57.14
10,014,02,100,0003,0000,286,8,294,456,0,4,3,7,2,2,4,0.00,64.47,57.14
10,014,02,100,0004,0000,149,5,154,242,0,4,3,7,2,2,4,0.00,63.64,57.14
10,014,02,100,0005,0000,218,3,221,268,0,4,3,7,2,2,4,0.00,82.46,57.14
10,014,02,100,0005,0199,218,3,221,268,0,4,3,7,2,2,4,0.00,82.46,57.14
10,014,02,100,0004,0200,149,5,154,242,0,4,3,7,2,2,4,0.00,63.64,57.14
10,014,02,100,0003,0201,286,8,294,456,0,4,3,7,2,2,4,0.00,64.47,57.14
10,014,02,100,0002,0202,746,12,758,965,0,4,3,7,2,2,4,0.00,78.55,57.14
10,014,02,100,0001,0203,262,3,265,330,0,4,3,7,2,2,4,0.00,80.30,57.14
10,014,02,100,0001,0204,243,2,245,302,0,4,3,7,2,2,4,0.00,81.13,57.14
10,014,00,030,0000,0000,963,34,997,1561,1932,2,1,3,1,1,2,80.80,63.87,66.67
10,014,04,030,0000,0000,963,34,997,1561,1932,2,1,3,1,1,2,80.80,63.87,66.67
10,014,03,040,0001,0000,198,8,206,305,0,5,3,8,3,1,4,0.00,67.54,50.00
10,014,03,040,0002,0000,129,9,138,199,0,5,3,8,3,1,4,0.00,69.35,50.00
10,014,03,040,0003,0000,91,5,96,161,0,5,3,8,3,1,4,0.00,59.63,50.00
10,014,03,040,0004,0000,6,3,9,11,0,5,3,8,3,1,4,0.00,81.82,50.00
10,014,03,040,0005,0000,163,6,169,263,0,5,3,8,3,1,4,0.00,64.26,50.00
10,014,03,040,0006,0000,229,8,237,361,0,5,3,8,3,1,4,0.00,65.65,50.00
10,014,03,040,0007,0000,59,4,63,94,0,5,3,8,3,1,4,0.00,67.02,50.00
10,014,03,040,0008,0000,284,5,289,524,0,5,3,8,3,1,4,0.00,55.15,50.00
10,014,03,040,0009,0000,315,16,331,483,0,5,3,8,3,1,4,0.00,68.53,50.00
10,014,03,040,0010,0000,413,22,435,720,0,5,3,8,3,1,4,0.00,60.42,50.00
10,014,03,040,0011,0000,489,14,503,685,0,5,3,8,3,1,4,0.00,73.43,50.00
10,014,03,040,0008,0118,87,2,89,167,0,5,3,8,3,1,4,0.00,53.29,50.00
10,014,03,040,0008,0119,197,3,200,357,0,5,3,8,3,1,4,0.00,56.02,50.00
10,014,03,040,0012,0000,640,10,650,915,0,5,3,8,3,1,4,0.00,71.04,50.00
10,014,03,040,0007,0120,2,0,2,3,0,5,3,8,3,1,4,0.00,66.67,50.00
10,014,03,040,0007,0121,32,2,34,59,0,5,3,8,3,1,4,0.00,57.63,50.00
10,014,03,040,0007,0122,25,2,27,32,0,5,3,8,3,1,4,0.00,84.38,50.00
10,014,03,040,0006,0123,145,6,151,235,0,5,3,8,3,1,4,0.00,64.26,50.00
10,014,03,040,0006,0124,84,2,86,126,0,5,3,8,3,1,4,0.00,68.25,50.00
10,014,03,040,0005,0125,68,0,68,115,0,5,3,8,3,1,4,0.00,59.13,50.00
10,014,03,040,0005,0126,95,6,101,148,0,5,3,8,3,1,4,0.00,68.24,50.00
10,014,03,040,0001,0127,72,3,75,126,0,5,3,8,3,1,4,0.00,59.52,50.00
10,014,03,040,0001,0128,126,5,131,179,0,5,3,8,3,1,4,0.00,73.18,50.00
10,014,03,040,0010,0129,118,6,124,203,0,5,3,8,3,1,4,0.00,61.08,50.00
10,014,03,040,0013,0000,53,3,56,71,0,5,3,8,3,1,4,0.00,78.87,50.00
10,014,03,040,0010,0130,106,5,111,190,0,5,3,8,3,1,4,0.00,58.42,50.00
10,014,03,040,0010,0131,189,11,200,327,0,5,3,8,3,1,4,0.00,61.16,50.00
10,014,03,040,0009,0132,315,16,331,483,0,5,3,8,3,1,4,0.00,68.53,50.00
10,014,03,040,0011,0133,489,14,503,685,0,5,3,8,3,1,4,0.00,73.43,50.00
10,014,03,040,0012,0134,640,10,650,915,0,5,3,8,3,1,4,0.00,71.04,50.00
10,014,03,040,0013,0135,51,3,54,69,0,5,3,8,3,1,4,0.00,78.26,50.00
10,014,03,040,0013,0136,2,0,2,2,0,5,3,8,3,1,4,0.00,100.00,50.00
10,014,03,040,0003,0137,91,5,96,161,0,5,3,8,3,1,4,0.00,59.63,50.00
10,014,03,040,0004,0138,6,3,9,11,0,5,3,8,3,1,4,0.00,81.82,50.00
10,014,03,040,0002,0139,129,9,138,199,0,5,3,8,3,1,4,0.00,69.35,50.00
10,014,03,050,0001,0000,175,2,177,319,0,3,1,4,1,1,2,0.00,55.49,50.00
10,014,03,050,0002,0000,34,2,36,50,0,3,1,4,1,1,2,0.00,72.00,50.00
10,014,03,050,0003,0000,187,10,197,314,0,3,1,4,1,1,2,0.00,62.74,50.00
10,014,03,050,0004,0000,259,10,269,397,0,3,1,4,1,1,2,0.00,67.76,50.00
10,014,03,050,0005,0000,149,6,155,216,0,3,1,4,1,1,2,0.00,71.76,50.00
10,014,03,050,0006,0000,250,7,257,339,0,3,1,4,1,1,2,0.00,75.81,50.00
10,014,03,050,0007,0000,27,0,27,44,0,3,1,4,1,1,2,0.00,61.36,50.00
10,014,03,050,0006,0140,223,7,230,298,0,3,1,4,1,1,2,0.00,77.18,50.00
10,014,03,050,0006,0141,27,0,27,41,0,3,1,4,1,1,2,0.00,65.85,50.00
10,014,03,050,0007,0142,27,0,27,44,0,3,1,4,1,1,2,0.00,61.36,50.00
10,014,03,050,0004,0143,160,7,167,246,0,3,1,4,1,1,2,0.00,67.89,50.00
10,014,03,050,0004,0144,99,3,102,151,0,3,1,4,1,1,2,0.00,67.55,50.00
10,014,03,050,0005,0145,149,6,155,216,0,3,1,4,1,1,2,0.00,71.76,50.00
10,014,03,050,0003,0146,187,10,197,314,0,3,1,4,1,1,2,0.00,62.74,50.00
10,014,03,050,0001,0147,175,2,177,319,0,3,1,4,1,1,2,0.00,55.49,50.00
10,014,03,050,0002,0148,21,1,22,34,0,3,1,4,1,1,2,0.00,64.71,50.00
10,014,03,050,0002,0149,13,1,14,16,0,3,1,4,1,1,2,0.00,87.50,50.00
10,014,03,090,0001,0000,164,4,168,352,0,2,2,4,0,2,2,0.00,47.73,50.00
10,014,03,090,0002,0000,8,2,10,15,0,2,2,4,0,2,2,0.00,66.67,50.00
10,014,03,090,0003,0000,3,0,3,6,0,2,2,4,0,2,2,0.00,50.00,50.00
10,014,03,090,0004,0000,146,5,151,214,0,2,2,4,0,2,2,0.00,70.56,50.00
10,014,03,090,0005,0000,168,1,169,271,0,2,2,4,0,2,2,0.00,62.36,50.00
10,014,03,090,0006,0000,395,4,399,560,0,2,2,4,0,2,2,0.00,71.25,50.00
10,014,03,090,0007,0000,223,6,229,381,0,2,2,4,0,2,2,0.00,60.10,50.00
10,014,03,090,0001,0184,17,1,18,36,0,2,2,4,0,2,2,0.00,50.00,50.00
10,014,03,090,0001,0185,147,3,150,316,0,2,2,4,0,2,2,0.00,47.47,50.00
10,014,03,090,0002,0186,8,2,10,15,0,2,2,4,0,2,2,0.00,66.67,50.00
10,014,03,090,0003,0187,3,0,3,6,0,2,2,4,0,2,2,0.00,50.00,50.00
10,014,03,090,0004,0188,146,5,151,214,0,2,2,4,0,2,2,0.00,70.56,50.00
10,014,03,090,0006,0189,297,2,299,414,0,2,2,4,0,2,2,0.00,72.22,50.00
10,014,03,090,0006,0190,98,2,100,146,0,2,2,4,0,2,2,0.00,68.49,50.00
10,014,03,090,0005,0191,44,0,44,73,0,2,2,4,0,2,2,0.00,60.27,50.00
10,014,03,090,0005,0192,124,1,125,198,0,2,2,4,0,2,2,0.00,63.13,50.00
10,014,03,090,0007,0193,56,4,60,104,0,2,2,4,0,2,2,0.00,57.69,50.00
10,014,03,090,0007,0194,167,2,169,277,0,2,2,4,0,2,2,0.00,61.01,50.00
10,014,00,040,0000,0000,3069,113,3182,4792,6032,5,3,8,3,1,4,79.44,66.40,50.00
10,014,03,040,0000,0000,3069,113,3182,4792,6032,5,3,8,3,1,4,79.44,66.40,50.00
10,014,04,030,0001,0000,363,7,370,574,0,2,1,3,1,1,2,0.00,64.46,66.67
10,014,04,030,0002,0000,66,3,69,110,0,2,1,3,1,1,2,0.00,62.73,66.67
10,014,04,030,0003,0000,128,5,133,224,0,2,1,3,1,1,2,0.00,59.38,66.67
10,014,04,030,0004,0000,15,3,18,25,0,2,1,3,1,1,2,0.00,72.00,66.67
10,014,04,030,0005,0000,125,10,135,221,0,2,1,3,1,1,2,0.00,61.09,66.67
10,014,04,030,0006,0000,220,4,224,322,0,2,1,3,1,1,2,0.00,69.57,66.67
10,014,04,030,0007,0000,46,2,48,85,0,2,1,3,1,1,2,0.00,56.47,66.67
10,014,04,030,0005,0109,26,6,32,58,0,2,1,3,1,1,2,0.00,55.17,66.67
10,014,04,030,0005,0110,99,4,103,163,0,2,1,3,1,1,2,0.00,63.19,66.67
10,014,04,030,0004,0111,15,3,18,25,0,2,1,3,1,1,2,0.00,72.00,66.67
10,014,04,030,0003,0112,128,5,133,224,0,2,1,3,1,1,2,0.00,59.38,66.67
10,014,04,030,0002,0113,66,3,69,110,0,2,1,3,1,1,2,0.00,62.73,66.67
10,014,04,030,0007,0114,46,2,48,85,0,2,1,3,1,1,2,0.00,56.47,66.67
10,014,04,030,0001,0115,314,5,319,479,0,2,1,3,1,1,2,0.00,66.60,66.67
10,014,04,030,0001,0116,49,2,51,95,0,2,1,3,1,1,2,0.00,53.68,66.67
10,014,04,030,0006,0117,220,4,224,322,0,2,1,3,1,1,2,0.00,69.57,66.67
10,014,04,060,0001,0000,96,4,100,197,0,3,1,4,2,0,2,0.00,50.76,50.00
10,014,04,060,0002,0000,68,3,71,102,0,3,1,4,2,0,2,0.00,69.61,50.00
10,014,04,060,0003,0000,126,12,138,228,0,3,1,4,2,0,2,0.00,60.53,50.00
10,014,04,060,0004,0000,200,8,208,383,0,3,1,4,2,0,2,0.00,54.31,50.00
10,014,04,060,0005,0000,93,2,95,164,0,3,1,4,2,0,2,0.00,57.93,50.00
10,014,04,060,0006,0000,7,0,7,13,0,3,1,4,2,0,2,0.00,53.85,50.00
10,014,04,060,0007,0000,90,4,94,146,0,3,1,4,2,0,2,0.00,64.38,50.00
10,014,04,060,0008,0000,14,2,16,22,0,3,1,4,2,0,2,0.00,72.73,50.00
10,014,04,060,0009,0000,83,2,85,115,0,3,1,4,2,0,2,0.00,73.91,50.00
10,014,04,060,0010,0000,194,10,204,309,0,3,1,4,2,0,2,0.00,66.02,50.00
10,014,04,060,0005,0150,72,1,73,129,0,3,1,4,2,0,2,0.00,56.59,50.00
10,014,04,060,0005,0151,21,1,22,35,0,3,1,4,2,0,2,0.00,62.86,50.00
10,014,04,060,0001,0152,9,0,9,18,0,3,1,4,2,0,2,0.00,50.00,50.00
10,014,04,060,0001,0153,87,4,91,179,0,3,1,4,2,0,2,0.00,50.84,50.00
10,014,04,060,0002,0154,68,3,71,102,0,3,1,4,2,0,2,0.00,69.61,50.00
10,014,04,060,0003,0155,126,12,138,228,0,3,1,4,2,0,2,0.00,60.53,50.00
10,014,04,060,0004,0156,200,8,208,383,0,3,1,4,2,0,2,0.00,54.31,50.00
10,014,04,060,0007,0157,90,4,94,146,0,3,1,4,2,0,2,0.00,64.38,50.00
10,014,04,060,0006,0158,7,0,7,13,0,3,1,4,2,0,2,0.00,53.85,50.00
10,014,04,060,0008,0159,14,2,16,22,0,3,1,4,2,0,2,0.00,72.73,50.00
10,014,04,060,0009,0160,83,2,85,115,0,3,1,4,2,0,2,0.00,73.91,50.00
10,014,04,060,0010,0161,194,10,204,309,0,3,1,4,2,0,2,0.00,66.02,50.00
10,014,04,090,0008,0000,853,17,870,1311,0,4,0,4,3,0,3,0.00,66.36,75.00
10,014,04,090,0009,0000,443,8,451,650,0,4,0,4,3,0,3,0.00,69.38,75.00
10,014,04,090,0008,0195,447,9,456,660,0,4,0,4,3,0,3,0.00,69.09,75.00
10,014,04,090,0008,0196,406,8,414,651,0,4,0,4,3,0,3,0.00,63.59,75.00
10,014,04,090,0009,0197,141,1,142,198,0,4,0,4,3,0,3,0.00,71.72,75.00
10,014,04,090,0009,0198,302,7,309,452,0,4,0,4,3,0,3,0.00,68.36,75.00
10,014,04,140,0001,0000,42,1,43,64,0,1,1,2,0,1,1,0.00,67.19,50.00
10,014,04,140,0002,0000,50,0,50,69,0,1,1,2,0,1,1,0.00,72.46,50.00
10,014,04,140,0003,0000,46,2,48,63,0,1,1,2,0,1,1,0.00,76.19,50.00
10,014,04,140,0004,0000,32,0,32,36,0,1,1,2,0,1,1,0.00,88.89,50.00
10,014,04,140,0005,0000,22,2,24,27,0,1,1,2,0,1,1,0.00,88.89,50.00
10,014,04,140,0003,0220,29,1,30,39,0,1,1,2,0,1,1,0.00,76.92,50.00
10,014,04,140,0003,0221,17,1,18,24,0,1,1,2,0,1,1,0.00,75.00,50.00
10,014,04,140,0002,0222,50,0,50,69,0,1,1,2,0,1,1,0.00,72.46,50.00
10,014,04,140,0001,0223,42,1,43,64,0,1,1,2,0,1,1,0.00,67.19,50.00
10,014,04,140,0004,0224,32,0,32,36,0,1,1,2,0,1,1,0.00,88.89,50.00
10,014,04,140,0005,0225,22,2,24,27,0,1,1,2,0,1,1,0.00,88.89,50.00
10,014,00,050,0000,0000,1081,37,1118,1679,2037,3,1,4,1,1,2,82.43,66.59,50.00
10,014,03,050,0000,0000,1081,37,1118,1679,2037,3,1,4,1,1,2,82.43,66.59,50.00
10,014,05,010,0023,0001,8,3,11,79,0,6,2,8,3,1,4,0.00,13.92,50.00
10,014,05,010,0023,0002,28,0,28,46,0,6,2,8,3,1,4,0.00,60.87,50.00
10,014,05,010,0015,0003,36,7,43,91,0,6,2,8,3,1,4,0.00,47.25,50.00
10,014,05,010,0015,0004,201,10,211,337,0,6,2,8,3,1,4,0.00,62.61,50.00
10,014,05,010,0024,0005,9,1,10,29,0,6,2,8,3,1,4,0.00,34.48,50.00
10,014,05,010,0024,0006,10,2,12,22,0,6,2,8,3,1,4,0.00,54.55,50.00
10,014,05,010,0020,0007,19,1,20,44,0,6,2,8,3,1,4,0.00,45.45,50.00
10,014,05,010,0020,0008,23,2,25,36,0,6,2,8,3,1,4,0.00,69.44,50.00
10,014,05,010,0022,0009,35,1,36,66,0,6,2,8,3,1,4,0.00,54.55,50.00
10,014,05,010,0001,0000,398,21,419,779,0,6,2,8,3,1,4,0.00,53.79,50.00
10,014,05,010,0022,0010,30,5,35,57,0,6,2,8,3,1,4,0.00,61.40,50.00
10,014,05,010,0017,0011,19,6,25,46,0,6,2,8,3,1,4,0.00,54.35,50.00
10,014,05,010,0017,0012,19,5,24,46,0,6,2,8,3,1,4,0.00,52.17,50.00
10,014,05,010,0013,0013,18,2,20,34,0,6,2,8,3,1,4,0.00,58.82,50.00
10,014,05,010,0013,0014,7,2,9,23,0,6,2,8,3,1,4,0.00,39.13,50.00
10,014,05,010,0013,0015,20,0,20,41,0,6,2,8,3,1,4,0.00,48.78,50.00
10,014,05,010,0012,0016,36,2,38,70,0,6,2,8,3,1,4,0.00,54.29,50.00
10,014,05,010,0012,0017,35,1,36,62,0,6,2,8,3,1,4,0.00,58.06,50.00
10,014,05,010,0012,0018,34,1,35,49,0,6,2,8,3,1,4,0.00,71.43,50.00
10,014,05,010,0011,0019,40,1,41,98,0,6,2,8,3,1,4,0.00,41.84,50.00
10,014,05,010,0011,0020,94,2,96,187,0,6,2,8,3,1,4,0.00,51.34,50.00
10,014,05,010,0011,0021,106,5,111,203,0,6,2,8,3,1,4,0.00,54.68,50.00
10,014,05,010,0010,0022,56,3,59,108,0,6,2,8,3,1,4,0.00,54.63,50.00
10,014,05,010,0010,0023,58,4,62,98,0,6,2,8,3,1,4,0.00,63.27,50.00
10,014,05,010,0008,0024,12,4,16,32,0,6,2,8,3,1,4,0.00,50.00,50.00
10,014,05,010,0008,0025,12,3,15,22,0,6,2,8,3,1,4,0.00,68.18,50.00
10,014,05,010,0008,0026,41,3,44,80,0,6,2,8,3,1,4,0.00,55.00,50.00
10,014,05,010,0009,0027,137,5,142,233,0,6,2,8,3,1,4,0.00,60.94,50.00
10,014,05,010,0047,0028,56,2,58,87,0,6,2,8,3,1,4,0.00,66.67,50.00
10,014,05,010,0047,0029,63,3,66,135,0,6,2,8,3,1,4,0.00,48.89,50.00
10,014,05,010,0003,0000,138,8,146,311,0,6,2,8,3,1,4,0.00,46.95,50.00
10,014,05,010,0047,0030,97,1,98,178,0,6,2,8,3,1,4,0.00,55.06,50.00
10,014,05,010,0007,0031,35,4,39,87,0,6,2,8,3,1,4,0.00,44.83,50.00
10,014,05,010,0007,0032,66,4,70,114,0,6,2,8,3,1,4,0.00,61.40,50.00
10,014,05,010,0007,0033,134,2,136,260,0,6,2,8,3,1,4,0.00,52.31,50.00
10,014,05,010,0006,0034,90,7,97,147,0,6,2,8,3,1,4,0.00,65.99,50.00
10,014,05,010,0006,0035,231,8,239,352,0,6,2,8,3,1,4,0.00,67.90,50.00
10,014,05,010,0006,0036,271,14,285,460,0,6,2,8,3,1,4,0.00,61.96,50.00
10,014,05,010,0003,0037,75,3,78,164,0,6,2,8,3,1,4,0.00,47.56,50.00
10,014,05,010,0003,0038,63,5,68,147,0,6,2,8,3,1,4,0.00,46.26,50.00
10,014,05,010,0005,0039,31,4,35,55,0,6,2,8,3,1,4,0.00,63.64,50.00
10,014,05,010,0004,0000,580,12,592,942,0,6,2,8,3,1,4,0.00,62.85,50.00
10,014,05,010,0005,0040,25,2,27,45,0,6,2,8,3,1,4,0.00,60.00,50.00
10,014,05,010,0005,0041,37,4,41,75,0,6,2,8,3,1,4,0.00,54.67,50.00
10,014,05,010,0004,0042,185,4,189,299,0,6,2,8,3,1,4,0.00,63.21,50.00
10,014,05,010,0004,0043,224,5,229,351,0,6,2,8,3,1,4,0.00,65.24,50.00
10,014,05,010,0004,0044,171,3,174,292,0,6,2,8,3,1,4,0.00,59.59,50.00
10,014,05,010,0001,0045,119,5,124,205,0,6,2,8,3,1,4,0.00,60.49,50.00
10,014,05,010,0001,0046,196,10,206,387,0,6,2,8,3,1,4,0.00,53.23,50.00
10,014,05,010,0001,0047,83,6,89,187,0,6,2,8,3,1,4,0.00,47.59,50.00
10,014,05,010,0037,0048,28,4,32,57,0,6,2,8,3,1,4,0.00,56.14,50.00
10,014,05,010,0037,0049,36,4,40,72,0,6,2,8,3,1,4,0.00,55.56,50.00
10,014,05,010,0005,0000,93,10,103,175,0,6,2,8,3,1,4,0.00,58.86,50.00
10,014,05,010,0036,0050,35,4,39,66,0,6,2,8,3,1,4,0.00,59.09,50.00
10,014,05,010,0036,0051,38,0,38,51,0,6,2,8,3,1,4,0.00,74.51,50.00
10,014,05,010,0033,0052,180,6,186,336,0,6,2,8,3,1,4,0.00,55.36,50.00
10,014,05,010,0033,0053,69,3,72,102,0,6,2,8,3,1,4,0.00,70.59,50.00
10,014,05,010,0032,0054,21,5,26,66,0,6,2,8,3,1,4,0.00,39.39,50.00
10,014,05,010,0032,0055,74,1,75,143,0,6,2,8,3,1,4,0.00,52.45,50.00
10,014,05,010,0032,0056,40,1,41,99,0,6,2,8,3,1,4,0.00,41.41,50.00
10,014,05,010,0031,0057,280,12,292,500,0,6,2,8,3,1,4,0.00,58.40,50.00
10,014,05,010,0031,0058,78,7,85,161,0,6,2,8,3,1,4,0.00,52.80,50.00
10,014,05,010,0031,0059,117,1,118,231,0,6,2,8,3,1,4,0.00,51.08,50.00
10,014,05,010,0006,0000,592,29,621,959,0,6,2,8,3,1,4,0.00,64.75,50.00
10,014,05,010,0035,0060,83,5,88,173,0,6,2,8,3,1,4,0.00,50.87,50.00
10,014,05,010,0034,0061,152,10,162,288,0,6,2,8,3,1,4,0.00,56.25,50.00
10,014,05,010,0034,0062,79,6,85,176,0,6,2,8,3,1,4,0.00,48.30,50.00
10,014,05,010,0034,0063,87,4,91,170,0,6,2,8,3,1,4,0.00,53.53,50.00
10,014,05,010,0048,0064,67,1,68,127,0,6,2,8,3,1,4,0.00,53.54,50.00
10,014,05,010,0048,0065,57,1,58,100,0,6,2,8,3,1,4,0.00,58.00,50.00
10,014,05,010,0048,0066,29,1,30,57,0,6,2,8,3,1,4,0.00,52.63,50.00
10,014,05,010,0038,0067,55,6,61,115,0,6,2,8,3,1,4,0.00,53.04,50.00
10,014,05,010,0038,0068,63,3,66,128,0,6,2,8,3,1,4,0.00,51.56,50.00
10,014,05,010,0038,0069,71,2,73,117,0,6,2,8,3,1,4,0.00,62.39,50.00
10,014,05,010,0007,0000,235,10,245,461,0,6,2,8,3,1,4,0.00,53.15,50.00
10,014,05,010,0049,0070,66,1,67,127,0,6,2,8,3,1,4,0.00,52.76,50.00
10,014,05,010,0049,0071,35,1,36,64,0,6,2,8,3,1,4,0.00,56.25,50.00
10,014,05,010,0049,0072,127,1,128,234,0,6,2,8,3,1,4,0.00,54.70,50.00
10,014,05,010,0039,0073,211,10,221,395,0,6,2,8,3,1,4,0.00,55.95,50.00
10,014,05,010,0039,0074,108,7,115,228,0,6,2,8,3,1,4,0.00,50.44,50.00
10,014,05,010,0039,0075,117,5,122,224,0,6,2,8,3,1,4,0.00,54.46,50.00
10,014,05,010,0040,0076,53,5,58,79,0,6,2,8,3,1,4,0.00,73.42,50.00
10,014,05,010,0040,0077,222,7,229,384,0,6,2,8,3,1,4,0.00,59.64,50.00
10,014,05,010,0041,0078,44,3,47,70,0,6,2,8,3,1,4,0.00,67.14,50.00
10,014,05,010,0041,0079,42,3,45,71,0,6,2,8,3,1,4,0.00,63.38,50.00
10,014,05,010,0008,0000,65,10,75,134,0,6,2,8,3,1,4,0.00,55.97,50.00
10,014,05,010,0030,0080,95,8,103,203,0,6,2,8,3,1,4,0.00,50.74,50.00
10,014,05,010,0030,0081,73,1,74,121,0,6,2,8,3,1,4,0.00,61.16,50.00
10,014,05,010,0029,0082,273,2,275,380,0,6,2,8,3,1,4,0.00,72.37,50.00
10,014,05,010,0029,0083,158,7,165,279,0,6,2,8,3,1,4,0.00,59.14,50.00
10,014,05,010,0042,0084,308,3,311,467,0,6,2,8,3,1,4,0.00,66.60,50.00
10,014,05,010,0042,0085,80,3,83,141,0,6,2,8,3,1,4,0.00,58.87,50.00
10,014,05,010,0043,0086,76,6,82,145,0,6,2,8,3,1,4,0.00,56.55,50.00
10,014,05,010,0045,0087,136,10,146,204,0,6,2,8,3,1,4,0.00,71.57,50.00
10,014,05,010,0045,0088,274,4,278,379,0,6,2,8,3,1,4,0.00,73.35,50.00
10,014,05,010,0045,0089,179,7,186,263,0,6,2,8,3,1,4,0.00,70.72,50.00
10,014,05,010,0009,0000,137,5,142,233,0,6,2,8,3,1,4,0.00,60.94,50.00
10,014,05,010,0046,0090,155,10,165,309,0,6,2,8,3,1,4,0.00,53.40,50.00
10,014,05,010,0046,0091,190,3,193,346,0,6,2,8,3,1,4,0.00,55.78,50.00
10,014,05,010,0010,0000,114,7,121,206,0,6,2,8,3,1,4,0.00,58.74,50.00
10,014,05,010,0011,0000,240,8,248,488,0,6,2,8,3,1,4,0.00,50.82,50.00
10,014,05,010,0012,0000,105,4,109,181,0,6,2,8,3,1,4,0.00,60.22,50.00
10,014,05,010,0013,0000,45,4,49,98,0,6,2,8,3,1,4,0.00,50.00,50.00
10,014,05,010,0015,0000,237,17,254,428,0,6,2,8,3,1,4,0.00,59.35,50.00
10,014,05,010,0017,0000,38,11,49,92,0,6,2,8,3,1,4,0.00,53.26,50.00
10,014,05,010,0020,0000,42,3,45,80,0,6,2,8,3,1,4,0.00,56.25,50.00
10,014,05,010,0022,0000,65,6,71,123,0,6,2,8,3,1,4,0.00,57.72,50.00
10,014,05,010,0023,0000,36,3,39,125,0,6,2,8,3,1,4,0.00,31.20,50.00
10,014,05,010,0024,0000,19,3,22,51,0,6,2,8,3,1,4,0.00,43.14,50.00
10,014,05,010,0029,0000,431,9,440,659,0,6,2,8,3,1,4,0.00,66.77,50.00
10,014,05,010,0030,0000,168,9,177,324,0,6,2,8,3,1,4,0.00,54.63,50.00
10,014,05,010,0031,0000,475,20,495,892,0,6,2,8,3,1,4,0.00,55.49,50.00
10,014,05,010,0032,0000,135,7,142,308,0,6,2,8,3,1,4,0.00,46.10,50.00
10,014,05,010,0033,0000,249,9,258,438,0,6,2,8,3,1,4,0.00,58.90,50.00
10,014,05,010,0034,0000,318,20,338,634,0,6,2,8,3,1,4,0.00,53.31,50.00
10,014,05,010,0035,0000,83,5,88,173,0,6,2,8,3,1,4,0.00,50.87,50.00
10,014,05,010,0036,0000,73,4,77,117,0,6,2,8,3,1,4,0.00,65.81,50.00
10,014,05,010,0037,0000,64,8,72,129,0,6,2,8,3,1,4,0.00,55.81,50.00
10,014,05,010,0038,0000,189,11,200,360,0,6,2,8,3,1,4,0.00,55.56,50.00
10,014,05,010,0039,0000,436,22,458,847,0,6,2,8,3,1,4,0.00,54.07,50.00
10,014,05,010,0040,0000,275,12,287,463,0,6,2,8,3,1,4,0.00,61.99,50.00
10,014,05,010,0041,0000,86,6,92,141,0,6,2,8,3,1,4,0.00,65.25,50.00
10,014,05,010,0042,0000,388,6,394,608,0,6,2,8,3,1,4,0.00,64.80,50.00
10,014,05,010,0043,0000,76,6,82,145,0,6,2,8,3,1,4,0.00,56.55,50.00
10,014,05,010,0045,0000,589,21,610,846,0,6,2,8,3,1,4,0.00,72.10,50.00
10,014,05,010,0046,0000,345,13,358,655,0,6,2,8,3,1,4,0.00,54.66,50.00
10,014,05,010,0047,0000,216,6,222,400,0,6,2,8,3,1,4,0.00,55.50,50.00
10,014,05,010,0048,0000,153,3,156,284,0,6,2,8,3,1,4,0.00,54.93,50.00
10,014,05,010,0049,0000,228,3,231,425,0,6,2,8,3,1,4,0.00,54.35,50.00
10,014,00,060,0000,0000,971,47,1018,1679,2004,3,1,4,2,0,2,83.78,60.63,50.00
10,014,04,060,0000,0000,971,47,1018,1679,2004,3,1,4,2,0,2,83.78,60.63,50.00
10,014,00,070,0000,0000,2314,72,2386,3649,4169,6,5,11,3,1,4,87.53,65.39,36.36
10,014,02,070,0000,0000,2314,72,2386,3649,4169,6,5,11,3,1,4,87.53,65.39,36.36
10,014,00,080,0000,0000,2295,44,2339,3513,3954,4,3,7,2,2,4,88.85,66.58,57.14
10,014,02,080,0000,0000,2295,44,2339,3513,3954,4,3,7,2,2,4,88.85,66.58,57.14
10,014,00,090,0000,0000,2403,47,2450,3760,4549,6,2,8,3,2,5,82.66,65.16,62.50
10,014,03,090,0000,0000,1107,22,1129,1799,2191,2,2,4,0,2,2,82.11,62.76,50.00
10,014,04,090,0000,0000,1296,25,1321,1961,2358,4,0,4,3,0,3,83.16,67.36,75.00
10,014,00,100,0000,0000,1904,33,1937,2563,3083,4,3,7,2,2,4,83.13,75.58,57.14
10,014,02,100,0000,0000,1904,33,1937,2563,3083,4,3,7,2,2,4,83.13,75.58,57.14
10,014,00,140,0000,0000,192,5,197,259,329,1,1,2,0,1,1,78.72,76.06,50.00
10,014,04,140,0000,0000,192,5,197,259,329,1,1,2,0,1,1,78.72,76.06,50.00
10,015,00,000,0000,0000,24930,1125,26055,44925,56028,43,17,60,23,9,32,80.18,58.00,53.33
10,015,00,010,0000,0000,2944,151,3095,6857,9732,3,1,4,2,0,2,70.46,45.14,50.00
10,015,05,010,0000,0000,2944,151,3095,6857,9732,3,1,4,2,0,2,70.46,45.14,50.00
10,015,00,020,0000,0000,763,66,829,1376,1701,2,0,2,2,0,2,80.89,60.25,100.00
10,015,04,020,0000,0000,763,66,829,1376,1701,2,0,2,2,0,2,80.89,60.25,100.00
10,015,02,080,0001,0000,770,27,797,1177,0,6,3,9,3,3,6,0.00,67.71,66.67
10,015,02,080,0002,0000,339,13,352,523,0,6,3,9,3,3,6,0.00,67.30,66.67
10,015,02,080,0003,0000,221,5,226,275,0,6,3,9,3,3,6,0.00,82.18,66.67
10,015,02,080,0004,0000,478,12,490,616,0,6,3,9,3,3,6,0.00,79.55,66.67
10,015,02,080,0005,0000,410,9,419,554,0,6,3,9,3,3,6,0.00,75.63,66.67
10,015,02,080,0005,0258,410,9,419,554,0,6,3,9,3,3,6,0.00,75.63,66.67
10,015,02,080,0004,0259,478,12,490,616,0,6,3,9,3,3,6,0.00,79.55,66.67
10,015,02,080,0001,0260,354,10,364,503,0,6,3,9,3,3,6,0.00,72.37,66.67
10,015,02,080,0001,0261,265,14,279,384,0,6,3,9,3,3,6,0.00,72.66,66.67
10,015,02,080,0001,0262,151,3,154,290,0,6,3,9,3,3,6,0.00,53.10,66.67
10,015,02,080,0002,0263,339,13,352,523,0,6,3,9,3,3,6,0.00,67.30,66.67
10,015,02,080,0003,0264,221,5,226,275,0,6,3,9,3,3,6,0.00,82.18,66.67
10,015,00,030,0000,0000,3004,174,3178,5369,6435,6,2,8,2,1,3,83.43,59.19,37.50
10,015,03,030,0000,0000,887,45,932,1647,2121,1,2,3,0,1,1,77.65,56.59,33.33
10,015,04,030,0000,0000,2117,129,2246,3722,4314,5,0,5,2,0,2,86.28,60.34,40.00
10,015,03,030,0001,0000,226,14,240,425,0,1,2,3,0,1,1,0.00,56.47,33.33
10,015,03,030,0002,0000,75,5,80,170,0,1,2,3,0,1,1,0.00,47.06,33.33
10,015,03,030,0003,0000,79,4,83,173,0,1,2,3,0,1,1,0.00,47.98,33.33
10,015,03,030,0004,0000,73,6,79,122,0,1,2,3,0,1,1,0.00,64.75,33.33
10,015,03,030,0005,0000,23,0,23,45,0,1,2,3,0,1,1,0.00,51.11,33.33
10,015,03,030,0006,0000,139,1,140,224,0,1,2,3,0,1,1,0.00,62.50,33.33
10,015,03,030,0007,0000,124,8,132,232,0,1,2,3,0,1,1,0.00,56.90,33.33
10,015,03,030,0014,0000,28,2,30,63,0,1,2,3,0,1,1,0.00,47.62,33.33
10,015,03,030,0015,0000,120,5,125,193,0,1,2,3,0,1,1,0.00,64.77,33.33
10,015,03,030,0001,0285,74,6,80,148,0,1,2,3,0,1,1,0.00,54.05,33.33
10,015,03,030,0001,0286,45,0,45,73,0,1,2,3,0,1,1,0.00,61.64,33.33
10,015,03,030,0001,0287,13,3,16,24,0,1,2,3,0,1,1,0.00,66.67,33.33
10,015,03,030,0001,0288,49,3,52,92,0,1,2,3,0,1,1,0.00,56.52,33.33
10,015,03,030,0001,0289,22,1,23,47,0,1,2,3,0,1,1,0.00,48.94,33.33
10,015,03,030,0001,0290,23,1,24,41,0,1,2,3,0,1,1,0.00,58.54,33.33
10,015,03,030,0005,0291,23,0,23,45,0,1,2,3,0,1,1,0.00,51.11,33.33
10,015,03,030,0002,0292,29,3,32,76,0,1,2,3,0,1,1,0.00,42.11,33.33
10,015,03,030,0002,0293,46,2,48,94,0,1,2,3,0,1,1,0.00,51.06,33.33
10,015,03,030,0004,0294,16,1,17,28,0,1,2,3,0,1,1,0.00,60.71,33.33
10,015,03,030,0004,0295,57,5,62,94,0,1,2,3,0,1,1,0.00,65.96,33.33
10,015,03,030,0003,0296,54,0,54,112,0,1,2,3,0,1,1,0.00,48.21,33.33
10,015,03,030,0003,0297,25,4,29,61,0,1,2,3,0,1,1,0.00,47.54,33.33
10,015,03,030,0006,0298,139,1,140,224,0,1,2,3,0,1,1,0.00,62.50,33.33
10,015,03,030,0007,0299,124,8,132,232,0,1,2,3,0,1,1,0.00,56.90,33.33
10,015,03,030,0014,0308,28,2,30,63,0,1,2,3,0,1,1,0.00,47.62,33.33
10,015,03,030,0015,0309,120,5,125,193,0,1,2,3,0,1,1,0.00,64.77,33.33
10,015,03,070,0001,0000,33,1,34,64,0,3,2,5,3,0,3,0.00,53.13,60.00
10,015,03,070,0002,0000,205,9,214,358,0,3,2,5,3,0,3,0.00,59.78,60.00
10,015,03,070,0003,0000,424,10,434,616,0,3,2,5,3,0,3,0.00,70.45,60.00
10,015,03,070,0004,0000,402,19,421,656,0,3,2,5,3,0,3,0.00,64.18,60.00
10,015,03,070,0005,0000,220,17,237,366,0,3,2,5,3,0,3,0.00,64.75,60.00
10,015,03,070,0006,0000,52,2,54,88,0,3,2,5,3,0,3,0.00,61.36,60.00
10,015,03,070,0007,0000,181,6,187,250,0,3,2,5,3,0,3,0.00,74.80,60.00
10,015,03,070,0008,0000,118,3,121,191,0,3,2,5,3,0,3,0.00,63.35,60.00
10,015,03,070,0009,0000,18,0,18,24,0,3,2,5,3,0,3,0.00,75.00,60.00
10,015,03,070,0010,0000,17,1,18,22,0,3,2,5,3,0,3,0.00,81.82,60.00
10,015,03,070,0002,0241,205,9,214,358,0,3,2,5,3,0,3,0.00,59.78,60.00
10,015,03,070,0001,0242,33,1,34,64,0,3,2,5,3,0,3,0.00,53.13,60.00
10,015,03,070,0003,0243,424,10,434,616,0,3,2,5,3,0,3,0.00,70.45,60.00
10,015,03,070,0004,0244,402,19,421,656,0,3,2,5,3,0,3,0.00,64.18,60.00
10,015,03,070,0005,0245,220,17,237,366,0,3,2,5,3,0,3,0.00,64.75,60.00
10,015,03,070,0006,0252,52,2,54,88,0,3,2,5,3,0,3,0.00,61.36,60.00
10,015,03,070,0007,0253,173,6,179,238,0,3,2,5,3,0,3,0.00,75.21,60.00
10,015,03,070,0007,0254,8,0,8,12,0,3,2,5,3,0,3,0.00,66.67,60.00
10,015,03,070,0008,0255,118,3,121,191,0,3,2,5,3,0,3,0.00,63.35,60.00
10,015,03,070,0009,0256,18,0,18,24,0,3,2,5,3,0,3,0.00,75.00,60.00
10,015,03,070,0010,0257,17,1,18,22,0,3,2,5,3,0,3,0.00,81.82,60.00
10,015,03,090,0001,0000,118,2,120,218,0,4,4,8,1,3,4,0.00,55.05,50.00
10,015,03,090,0002,0000,196,11,207,343,0,4,4,8,1,3,4,0.00,60.35,50.00
10,015,03,090,0003,0000,111,1,112,159,0,4,4,8,1,3,4,0.00,70.44,50.00
10,015,03,090,0004,0000,91,5,96,162,0,4,4,8,1,3,4,0.00,59.26,50.00
10,015,03,090,0005,0000,147,2,149,228,0,4,4,8,1,3,4,0.00,65.35,50.00
10,015,03,090,0006,0000,295,13,308,474,0,4,4,8,1,3,4,0.00,64.98,50.00
10,015,03,090,0007,0000,405,12,417,576,0,4,4,8,1,3,4,0.00,72.40,50.00
10,015,03,090,0008,0000,143,2,145,207,0,4,4,8,1,3,4,0.00,70.05,50.00
10,015,03,090,0009,0000,131,8,139,238,0,4,4,8,1,3,4,0.00,58.40,50.00
10,015,03,090,0010,0000,350,21,371,572,0,4,4,8,1,3,4,0.00,64.86,50.00
10,015,03,090,0011,0000,126,9,135,215,0,4,4,8,1,3,4,0.00,62.79,50.00
10,015,03,090,0001,0272,30,0,30,65,0,4,4,8,1,3,4,0.00,46.15,50.00
10,015,03,090,0001,0273,88,2,90,153,0,4,4,8,1,3,4,0.00,58.82,50.00
10,015,03,090,0002,0274,54,4,58,94,0,4,4,8,1,3,4,0.00,61.70,50.00
10,015,03,090,0002,0275,142,7,149,249,0,4,4,8,1,3,4,0.00,59.84,50.00
10,015,03,090,0003,0276,111,1,112,159,0,4,4,8,1,3,4,0.00,70.44,50.00
10,015,03,090,0004,0277,91,5,96,162,0,4,4,8,1,3,4,0.00,59.26,50.00
10,015,03,090,0005,0278,147,2,149,228,0,4,4,8,1,3,4,0.00,65.35,50.00
10,015,03,090,0006,0279,295,13,308,474,0,4,4,8,1,3,4,0.00,64.98,50.00
10,015,03,090,0007,0280,405,12,417,576,0,4,4,8,1,3,4,0.00,72.40,50.00
10,015,03,090,0008,0281,143,2,145,207,0,4,4,8,1,3,4,0.00,70.05,50.00
10,015,03,090,0009,0282,131,8,139,238,0,4,4,8,1,3,4,0.00,58.40,50.00
10,015,03,090,0010,0283,350,21,371,572,0,4,4,8,1,3,4,0.00,64.86,50.00
10,015,03,090,0011,0284,126,9,135,215,0,4,4,8,1,3,4,0.00,62.79,50.00
10,015,03,100,0001,0000,44,4,48,87,0,3,0,3,1,0,1,0.00,55.17,33.33
10,015,03,100,0002,0000,71,2,73,131,0,3,0,3,1,0,1,0.00,55.73,33.33
10,015,03,100,0003,0000,75,2,77,143,0,3,0,3,1,0,1,0.00,53.85,33.33
10,015,03,100,0004,0000,85,6,91,133,0,3,0,3,1,0,1,0.00,68.42,33.33
10,015,03,100,0005,0000,45,2,47,79,0,3,0,3,1,0,1,0.00,59.49,33.33
10,015,03,100,0006,0000,8,1,9,15,0,3,0,3,1,0,1,0.00,60.00,33.33
10,015,03,100,0007,0000,16,0,16,24,0,3,0,3,1,0,1,0.00,66.67,33.33
10,015,03,100,0008,0000,17,1,18,21,0,3,0,3,1,0,1,0.00,85.71,33.33
10,015,03,100,0009,0000,24,1,25,45,0,3,0,3,1,0,1,0.00,55.56,33.33
10,015,03,100,0010,0000,3,0,3,8,0,3,0,3,1,0,1,0.00,37.50,33.33
10,015,03,100,0011,0000,218,6,224,348,0,3,0,3,1,0,1,0.00,64.37,33.33
10,015,03,100,0012,0000,28,3,31,60,0,3,0,3,1,0,1,0.00,51.67,33.33
10,015,03,100,0013,0000,66,3,69,103,0,3,0,3,1,0,1,0.00,66.99,33.33
10,015,03,100,0001,0310,44,4,48,87,0,3,0,3,1,0,1,0.00,55.17,33.33
10,015,03,100,0002,0311,71,2,73,131,0,3,0,3,1,0,1,0.00,55.73,33.33
10,015,03,100,0003,0312,75,2,77,143,0,3,0,3,1,0,1,0.00,53.85,33.33
10,015,03,100,0004,0313,85,6,91,133,0,3,0,3,1,0,1,0.00,68.42,33.33
10,015,03,100,0005,0314,45,2,47,79,0,3,0,3,1,0,1,0.00,59.49,33.33
10,015,03,100,0006,0315,8,1,9,15,0,3,0,3,1,0,1,0.00,60.00,33.33
10,015,03,100,0007,0316,16,0,16,24,0,3,0,3,1,0,1,0.00,66.67,33.33
10,015,03,100,0008,0317,17,1,18,21,0,3,0,3,1,0,1,0.00,85.71,33.33
10,015,03,100,0009,0318,24,1,25,45,0,3,0,3,1,0,1,0.00,55.56,33.33
10,015,03,100,0010,0319,3,0,3,8,0,3,0,3,1,0,1,0.00,37.50,33.33
10,015,03,100,0011,0320,218,6,224,348,0,3,0,3,1,0,1,0.00,64.37,33.33
10,015,03,100,0012,0321,28,3,31,60,0,3,0,3,1,0,1,0.00,51.67,33.33
10,015,03,100,0013,0322,66,3,69,103,0,3,0,3,1,0,1,0.00,66.99,33.33
10,015,00,040,0000,0000,1765,67,1832,3356,4322,3,1,4,1,1,2,77.65,54.59,50.00
10,015,04,040,0000,0000,1765,67,1832,3356,4322,3,1,4,1,1,2,77.65,54.59,50.00
10,015,04,020,0001,0000,27,0,27,41,0,2,0,2,2,0,2,0.00,65.85,100.00
10,015,04,020,0002,0000,14,0,14,24,0,2,0,2,2,0,2,0.00,58.33,100.00
10,015,04,020,0003,0000,17,0,17,22,0,2,0,2,2,0,2,0.00,77.27,100.00
10,015,04,020,0004,0000,29,4,33,64,0,2,0,2,2,0,2,0.00,51.56,100.00
10,015,04,020,0005,0000,268,29,297,495,0,2,0,2,2,0,2,0.00,60.00,100.00
10,015,04,020,0006,0000,215,18,233,374,0,2,0,2,2,0,2,0.00,62.30,100.00
10,015,04,020,0007,0000,78,4,82,132,0,2,0,2,2,0,2,0.00,62.12,100.00
10,015,04,020,0008,0000,8,0,8,13,0,2,0,2,2,0,2,0.00,61.54,100.00
10,015,04,020,0009,0000,8,2,10,15,0,2,0,2,2,0,2,0.00,66.67,100.00
10,015,04,020,0010,0000,17,1,18,35,0,2,0,2,2,0,2,0.00,51.43,100.00
10,015,04,020,0011,0000,60,6,66,124,0,2,0,2,2,0,2,0.00,53.23,100.00
10,015,04,020,0012,0000,22,2,24,37,0,2,0,2,2,0,2,0.00,64.86,100.00
10,015,04,020,0001,0226,27,0,27,41,0,2,0,2,2,0,2,0.00,65.85,100.00
10,015,04,020,0002,0227,14,0,14,24,0,2,0,2,2,0,2,0.00,58.33,100.00
10,015,04,020,0003,0228,17,0,17,22,0,2,0,2,2,0,2,0.00,77.27,100.00
10,015,04,020,0004,0229,29,4,33,64,0,2,0,2,2,0,2,0.00,51.56,100.00
10,015,04,020,0005,0230,221,20,241,401,0,2,0,2,2,0,2,0.00,60.10,100.00
10,015,04,020,0005,0231,47,9,56,94,0,2,0,2,2,0,2,0.00,59.57,100.00
10,015,04,020,0006,0232,119,3,122,194,0,2,0,2,2,0,2,0.00,62.89,100.00
10,015,04,020,0006,0233,96,15,111,180,0,2,0,2,2,0,2,0.00,61.67,100.00
10,015,04,020,0007,0234,60,2,62,101,0,2,0,2,2,0,2,0.00,61.39,100.00
10,015,04,020,0007,0235,18,2,20,31,0,2,0,2,2,0,2,0.00,64.52,100.00
10,015,04,020,0008,0236,8,0,8,13,0,2,0,2,2,0,2,0.00,61.54,100.00
10,015,04,020,0009,0237,8,2,10,15,0,2,0,2,2,0,2,0.00,66.67,100.00
10,015,04,020,0010,0238,17,1,18,35,0,2,0,2,2,0,2,0.00,51.43,100.00
10,015,04,020,0011,0239,60,6,66,124,0,2,0,2,2,0,2,0.00,53.23,100.00
10,015,04,020,0012,0240,22,2,24,37,0,2,0,2,2,0,2,0.00,64.86,100.00
10,015,04,030,0008,0000,371,14,385,626,0,5,0,5,2,0,2,0.00,61.50,40.00
10,015,04,030,0009,0000,129,7,136,195,0,5,0,5,2,0,2,0.00,69.74,40.00
10,015,04,030,0010,0000,339,25,364,666,0,5,0,5,2,0,2,0.00,54.65,40.00
10,015,04,030,0011,0000,542,31,573,1062,0,5,0,5,2,0,2,0.00,53.95,40.00
10,015,04,030,0012,0000,309,19,328,510,0,5,0,5,2,0,2,0.00,64.31,40.00
10,015,04,030,0013,0000,427,33,460,663,0,5,0,5,2,0,2,0.00,69.38,40.00
10,015,04,030,0008,0300,371,14,385,626,0,5,0,5,2,0,2,0.00,61.50,40.00
10,015,04,030,0009,0301,129,7,136,195,0,5,0,5,2,0,2,0.00,69.74,40.00
10,015,04,030,0010,0302,158,11,169,328,0,5,0,5,2,0,2,0.00,51.52,40.00
10,015,04,030,0010,0303,181,14,195,338,0,5,0,5,2,0,2,0.00,57.69,40.00
10,015,04,030,0011,0304,192,11,203,334,0,5,0,5,2,0,2,0.00,60.78,40.00
10,015,04,030,0011,0305,350,20,370,728,0,5,0,5,2,0,2,0.00,50.82,40.00
10,015,04,030,0012,0306,309,19,328,510,0,5,0,5,2,0,2,0.00,64.31,40.00
10,015,04,030,0013,0307,427,33,460,663,0,5,0,5,2,0,2,0.00,69.38,40.00
10,015,04,040,0001,0000,50,1,51,78,0,3,1,4,1,1,2,0.00,65.38,50.00
10,015,04,040,0002,0000,41,1,42,65,0,3,1,4,1,1,2,0.00,64.62,50.00
10,015,04,040,0003,0000,205,7,212,401,0,3,1,4,1,1,2,0.00,52.87,50.00
10,015,04,040,0004,0000,212,9,221,457,0,3,1,4,1,1,2,0.00,48.36,50.00
10,015,04,040,0005,0000,100,9,109,165,0,3,1,4,1,1,2,0.00,66.06,50.00
10,015,04,040,0006,0000,305,7,312,635,0,3,1,4,1,1,2,0.00,49.13,50.00
10,015,04,040,0007,0000,214,12,226,366,0,3,1,4,1,1,2,0.00,61.75,50.00
10,015,04,040,0008,0000,429,11,440,809,0,3,1,4,1,1,2,0.00,54.39,50.00
10,015,04,040,0009,0000,209,10,219,380,0,3,1,4,1,1,2,0.00,57.63,50.00
10,015,04,040,0001,0094,3,0,3,6,0,3,1,4,1,1,2,0.00,50.00,50.00
10,015,04,040,0001,0095,47,1,48,72,0,3,1,4,1,1,2,0.00,66.67,50.00
10,015,04,040,0002,0096,32,0,32,46,0,3,1,4,1,1,2,0.00,69.57,50.00
10,015,04,040,0002,0097,9,1,10,19,0,3,1,4,1,1,2,0.00,52.63,50.00
10,015,04,040,0003,0098,64,4,68,106,0,3,1,4,1,1,2,0.00,64.15,50.00
10,015,04,040,0003,0099,73,2,75,162,0,3,1,4,1,1,2,0.00,46.30,50.00
10,015,04,040,0003,0100,68,1,69,133,0,3,1,4,1,1,2,0.00,51.88,50.00
10,015,04,040,0008,0101,242,7,249,420,0,3,1,4,1,1,2,0.00,59.29,50.00
10,015,04,040,0008,0102,174,4,178,356,0,3,1,4,1,1,2,0.00,50.00,50.00
10,015,04,040,0008,0103,13,0,13,33,0,3,1,4,1,1,2,0.00,39.39,50.00
10,015,04,040,0009,0104,92,4,96,171,0,3,1,4,1,1,2,0.00,56.14,50.00
10,015,04,040,0009,0105,117,6,123,209,0,3,1,4,1,1,2,0.00,58.85,50.00
10,015,04,040,0004,0106,67,2,69,117,0,3,1,4,1,1,2,0.00,58.97,50.00
10,015,04,040,0004,0107,65,6,71,137,0,3,1,4,1,1,2,0.00,51.82,50.00
10,015,04,040,0004,0108,80,1,81,203,0,3,1,4,1,1,2,0.00,39.90,50.00
10,015,04,040,0005,0109,100,9,109,165,0,3,1,4,1,1,2,0.00,66.06,50.00
10,015,04,040,0006,0110,53,0,53,99,0,3,1,4,1,1,2,0.00,53.54,50.00
10,015,04,040,0006,0111,93,4,97,165,0,3,1,4,1,1,2,0.00,58.79,50.00
10,015,04,040,0006,0112,75,1,76,146,0,3,1,4,1,1,2,0.00,52.05,50.00
10,015,04,040,0006,0113,84,2,86,225,0,3,1,4,1,1,2,0.00,38.22,50.00
10,015,04,040,0007,0114,147,11,158,254,0,3,1,4,1,1,2,0.00,62.20,50.00
10,015,04,040,0007,0115,67,1,68,112,0,3,1,4,1,1,2,0.00,60.71,50.00
10,015,04,050,0001,0000,128,15,143,364,0,3,0,3,2,0,2,0.00,39.29,66.67
10,015,04,050,0002,0000,87,5,92,182,0,3,0,3,2,0,2,0.00,50.55,66.67
10,015,04,050,0003,0000,264,16,280,606,0,3,0,3,2,0,2,0.00,46.20,66.67
10,015,04,050,0004,0000,102,11,113,297,0,3,0,3,2,0,2,0.00,38.05,66.67
10,015,04,050,0005,0000,256,24,280,546,0,3,0,3,2,0,2,0.00,51.28,66.67
10,015,04,050,0006,0000,157,10,167,399,0,3,0,3,2,0,2,0.00,41.85,66.67
10,015,04,050,0007,0000,110,6,116,245,0,3,0,3,2,0,2,0.00,47.35,66.67
10,015,04,050,0008,0000,151,4,155,317,0,3,0,3,2,0,2,0.00,48.90,66.67
10,015,04,050,0009,0000,81,6,87,203,0,3,0,3,2,0,2,0.00,42.86,66.67
10,015,04,050,0010,0000,223,13,236,487,0,3,0,3,2,0,2,0.00,48.46,66.67
10,015,04,050,0011,0000,80,6,86,180,0,3,0,3,2,0,2,0.00,47.78,66.67
10,015,04,050,0012,0000,620,26,646,1102,0,3,0,3,2,0,2,0.00,58.62,66.67
10,015,04,050,0013,0000,400,14,414,753,0,3,0,3,2,0,2,0.00,54.98,66.67
10,015,04,050,0004,0134,17,2,19,73,0,3,0,3,2,0,2,0.00,26.03,66.67
10,015,04,050,0004,0135,26,6,32,67,0,3,0,3,2,0,2,0.00,47.76,66.67
10,015,04,050,0004,0136,32,2,34,92,0,3,0,3,2,0,2,0.00,36.96,66.67
10,015,04,050,0004,0137,27,1,28,65,0,3,0,3,2,0,2,0.00,43.08,66.67
10,015,04,050,0003,0138,48,6,54,105,0,3,0,3,2,0,2,0.00,51.43,66.67
10,015,04,050,0003,0139,86,3,89,209,0,3,0,3,2,0,2,0.00,42.58,66.67
10,015,04,050,0014,0000,440,22,462,840,0,3,0,3,2,0,2,0.00,55.00,66.67
10,015,04,050,0003,0140,130,7,137,292,0,3,0,3,2,0,2,0.00,46.92,66.67
10,015,04,050,0005,0141,47,6,53,92,0,3,0,3,2,0,2,0.00,57.61,66.67
10,015,04,050,0005,0142,63,5,68,125,0,3,0,3,2,0,2,0.00,54.40,66.67
10,015,04,050,0005,0143,36,1,37,76,0,3,0,3,2,0,2,0.00,48.68,66.67
10,015,04,050,0005,0144,21,4,25,58,0,3,0,3,2,0,2,0.00,43.10,66.67
10,015,04,050,0005,0145,39,2,41,80,0,3,0,3,2,0,2,0.00,51.25,66.67
10,015,04,050,0005,0146,50,6,56,115,0,3,0,3,2,0,2,0.00,48.70,66.67
10,015,04,050,0006,0147,19,2,21,51,0,3,0,3,2,0,2,0.00,41.18,66.67
10,015,04,050,0006,0148,16,1,17,40,0,3,0,3,2,0,2,0.00,42.50,66.67
10,015,04,050,0006,0149,43,3,46,77,0,3,0,3,2,0,2,0.00,59.74,66.67
10,015,04,050,0015,0000,785,27,812,1355,0,3,0,3,2,0,2,0.00,59.93,66.67
10,015,04,050,0006,0150,15,2,17,46,0,3,0,3,2,0,2,0.00,36.96,66.67
10,015,04,050,0006,0151,26,1,27,115,0,3,0,3,2,0,2,0.00,23.48,66.67
10,015,04,050,0006,0152,38,1,39,70,0,3,0,3,2,0,2,0.00,55.71,66.67
10,015,04,050,0007,0153,44,3,47,105,0,3,0,3,2,0,2,0.00,44.76,66.67
10,015,04,050,0007,0154,26,1,27,66,0,3,0,3,2,0,2,0.00,40.91,66.67
10,015,04,050,0007,0155,40,2,42,74,0,3,0,3,2,0,2,0.00,56.76,66.67
10,015,04,050,0008,0156,123,2,125,250,0,3,0,3,2,0,2,0.00,50.00,66.67
10,015,04,050,0008,0157,28,2,30,67,0,3,0,3,2,0,2,0.00,44.78,66.67
10,015,04,050,0009,0158,81,6,87,203,0,3,0,3,2,0,2,0.00,42.86,66.67
10,015,04,050,0010,0159,16,3,19,31,0,3,0,3,2,0,2,0.00,61.29,66.67
10,015,04,050,0016,0000,207,20,227,494,0,3,0,3,2,0,2,0.00,45.95,66.67
10,015,04,050,0010,0160,82,4,86,166,0,3,0,3,2,0,2,0.00,51.81,66.67
10,015,04,050,0010,0161,125,6,131,290,0,3,0,3,2,0,2,0.00,45.17,66.67
10,015,04,050,0011,0162,32,1,33,58,0,3,0,3,2,0,2,0.00,56.90,66.67
10,015,04,050,0011,0163,21,1,22,47,0,3,0,3,2,0,2,0.00,46.81,66.67
10,015,04,050,0011,0164,27,4,31,75,0,3,0,3,2,0,2,0.00,41.33,66.67
10,015,04,050,0012,0165,218,12,230,378,0,3,0,3,2,0,2,0.00,60.85,66.67
10,015,04,050,0012,0166,195,6,201,333,0,3,0,3,2,0,2,0.00,60.36,66.67
10,015,04,050,0012,0167,123,2,125,210,0,3,0,3,2,0,2,0.00,59.52,66.67
10,015,04,050,0012,0168,84,6,90,181,0,3,0,3,2,0,2,0.00,49.72,66.67
10,015,04,050,0013,0169,87,3,90,144,0,3,0,3,2,0,2,0.00,62.50,66.67
10,015,04,050,0017,0000,418,24,442,884,0,3,0,3,2,0,2,0.00,50.00,66.67
10,015,04,050,0013,0170,87,3,90,211,0,3,0,3,2,0,2,0.00,42.65,66.67
10,015,04,050,0013,0171,150,4,154,246,0,3,0,3,2,0,2,0.00,62.60,66.67
10,015,04,050,0013,0172,76,4,80,152,0,3,0,3,2,0,2,0.00,52.63,66.67
10,015,04,050,0001,0173,23,3,26,77,0,3,0,3,2,0,2,0.00,33.77,66.67
10,015,04,050,0001,0174,13,0,13,37,0,3,0,3,2,0,2,0.00,35.14,66.67
10,015,04,050,0001,0175,18,2,20,43,0,3,0,3,2,0,2,0.00,46.51,66.67
10,015,04,050,0001,0176,17,3,20,69,0,3,0,3,2,0,2,0.00,28.99,66.67
10,015,04,050,0001,0177,23,4,27,60,0,3,0,3,2,0,2,0.00,45.00,66.67
10,015,04,050,0001,0178,20,2,22,47,0,3,0,3,2,0,2,0.00,46.81,66.67
10,015,04,050,0001,0179,14,1,15,31,0,3,0,3,2,0,2,0.00,48.39,66.67
10,015,04,050,0018,0000,201,8,209,386,0,3,0,3,2,0,2,0.00,54.15,66.67
10,015,04,050,0002,0180,16,0,16,40,0,3,0,3,2,0,2,0.00,40.00,66.67
10,015,04,050,0002,0181,32,2,34,57,0,3,0,3,2,0,2,0.00,59.65,66.67
10,015,04,050,0002,0182,11,0,11,26,0,3,0,3,2,0,2,0.00,42.31,66.67
10,015,04,050,0002,0183,12,1,13,24,0,3,0,3,2,0,2,0.00,54.17,66.67
10,015,04,050,0002,0184,16,2,18,35,0,3,0,3,2,0,2,0.00,51.43,66.67
10,015,04,050,0014,0185,94,3,97,165,0,3,0,3,2,0,2,0.00,58.79,66.67
10,015,04,050,0014,0186,94,3,97,163,0,3,0,3,2,0,2,0.00,59.51,66.67
10,015,04,050,0014,0187,27,2,29,60,0,3,0,3,2,0,2,0.00,48.33,66.67
10,015,04,050,0014,0188,50,2,52,122,0,3,0,3,2,0,2,0.00,42.62,66.67
10,015,04,050,0014,0189,82,7,89,142,0,3,0,3,2,0,2,0.00,62.68,66.67
10,015,04,050,0014,0190,93,5,98,188,0,3,0,3,2,0,2,0.00,52.13,66.67
10,015,04,050,0015,0191,88,7,95,174,0,3,0,3,2,0,2,0.00,54.60,66.67
10,015,04,050,0015,0192,223,7,230,365,0,3,0,3,2,0,2,0.00,63.01,66.67
10,015,04,050,0015,0193,184,4,188,275,0,3,0,3,2,0,2,0.00,68.36,66.67
10,015,04,050,0015,0194,157,6,163,305,0,3,0,3,2,0,2,0.00,53.44,66.67
10,015,04,050,0015,0195,133,3,136,236,0,3,0,3,2,0,2,0.00,57.63,66.67
10,015,04,050,0016,0196,110,8,118,243,0,3,0,3,2,0,2,0.00,48.56,66.67
10,015,04,050,0016,0197,97,12,109,251,0,3,0,3,2,0,2,0.00,43.43,66.67
10,015,04,050,0017,0198,90,6,96,184,0,3,0,3,2,0,2,0.00,52.17,66.67
10,015,04,050,0017,0199,59,4,63,144,0,3,0,3,2,0,2,0.00,43.75,66.67
10,015,04,050,0017,0200,49,1,50,103,0,3,0,3,2,0,2,0.00,48.54,66.67
10,015,04,050,0017,0201,97,6,103,178,0,3,0,3,2,0,2,0.00,57.87,66.67
10,015,04,050,0017,0202,123,7,130,275,0,3,0,3,2,0,2,0.00,47.27,66.67
10,015,04,050,0018,0203,73,1,74,176,0,3,0,3,2,0,2,0.00,42.05,66.67
10,015,04,050,0018,0204,128,7,135,210,0,3,0,3,2,0,2,0.00,64.29,66.67
10,015,04,060,0001,0000,18,5,23,44,0,4,1,5,3,0,3,0.00,52.27,60.00
10,015,04,060,0002,0000,238,3,241,350,0,4,1,5,3,0,3,0.00,68.86,60.00
10,015,04,060,0003,0000,108,6,114,192,0,4,1,5,3,0,3,0.00,59.38,60.00
10,015,04,060,0004,0000,97,2,99,167,0,4,1,5,3,0,3,0.00,59.28,60.00
10,015,04,060,0005,0000,94,4,98,203,0,4,1,5,3,0,3,0.00,48.28,60.00
10,015,04,060,0006,0000,97,4,101,139,0,4,1,5,3,0,3,0.00,72.66,60.00
10,015,04,060,0007,0000,316,9,325,537,0,4,1,5,3,0,3,0.00,60.52,60.00
10,015,04,060,0008,0000,414,13,427,610,0,4,1,5,3,0,3,0.00,70.00,60.00
10,015,04,060,0009,0000,186,9,195,278,0,4,1,5,3,0,3,0.00,70.14,60.00
10,015,04,060,0010,0000,160,2,162,282,0,4,1,5,3,0,3,0.00,57.45,60.00
10,015,04,060,0011,0000,164,10,174,296,0,4,1,5,3,0,3,0.00,58.78,60.00
10,015,04,060,0012,0000,94,1,95,134,0,4,1,5,3,0,3,0.00,70.90,60.00
10,015,04,060,0013,0000,379,9,388,572,0,4,1,5,3,0,3,0.00,67.83,60.00
10,015,04,060,0014,0000,241,12,253,381,0,4,1,5,3,0,3,0.00,66.40,60.00
10,015,04,060,0015,0000,127,9,136,204,0,4,1,5,3,0,3,0.00,66.67,60.00
10,015,04,060,0002,0205,238,3,241,350,0,4,1,5,3,0,3,0.00,68.86,60.00
10,015,04,060,0001,0206,18,5,23,44,0,4,1,5,3,0,3,0.00,52.27,60.00
10,015,04,060,0003,0207,56,2,58,119,0,4,1,5,3,0,3,0.00,48.74,60.00
10,015,04,060,0003,0208,52,4,56,73,0,4,1,5,3,0,3,0.00,76.71,60.00
10,015,04,060,0004,0209,37,1,38,68,0,4,1,5,3,0,3,0.00,55.88,60.00
10,015,04,060,0004,0210,60,1,61,99,0,4,1,5,3,0,3,0.00,61.62,60.00
10,015,04,060,0005,0211,94,4,98,203,0,4,1,5,3,0,3,0.00,48.28,60.00
10,015,04,060,0007,0212,52,3,55,116,0,4,1,5,3,0,3,0.00,47.41,60.00
10,015,04,060,0007,0213,264,6,270,421,0,4,1,5,3,0,3,0.00,64.13,60.00
10,015,04,060,0006,0214,97,4,101,139,0,4,1,5,3,0,3,0.00,72.66,60.00
10,015,04,060,0008,0215,414,13,427,610,0,4,1,5,3,0,3,0.00,70.00,60.00
10,015,04,060,0009,0216,186,9,195,278,0,4,1,5,3,0,3,0.00,70.14,60.00
10,015,04,060,0010,0217,140,1,141,237,0,4,1,5,3,0,3,0.00,59.49,60.00
10,015,04,060,0010,0218,20,1,21,45,0,4,1,5,3,0,3,0.00,46.67,60.00
10,015,04,060,0011,0219,72,3,75,121,0,4,1,5,3,0,3,0.00,61.98,60.00
10,015,04,060,0011,0220,50,4,54,106,0,4,1,5,3,0,3,0.00,50.94,60.00
10,015,04,060,0011,0221,42,3,45,69,0,4,1,5,3,0,3,0.00,65.22,60.00
10,015,04,060,0012,0222,94,1,95,134,0,4,1,5,3,0,3,0.00,70.90,60.00
10,015,04,060,0013,0223,379,9,388,572,0,4,1,5,3,0,3,0.00,67.83,60.00
10,015,04,060,0015,0224,127,9,136,204,0,4,1,5,3,0,3,0.00,66.67,60.00
10,015,04,060,0014,0225,241,12,253,381,0,4,1,5,3,0,3,0.00,66.40,60.00
10,015,04,070,0011,0000,519,12,531,825,0,4,2,6,2,1,3,0.00,64.36,50.00
10,015,04,070,0012,0000,388,12,400,595,0,4,2,6,2,1,3,0.00,67.23,50.00
10,015,04,070,0013,0000,447,8,455,698,0,4,2,6,2,1,3,0.00,65.19,50.00
10,015,04,070,0014,0000,468,8,476,695,0,4,2,6,2,1,3,0.00,68.49,50.00
10,015,04,070,0011,0246,445,12,457,688,0,4,2,6,2,1,3,0.00,66.42,50.00
10,015,04,070,0011,0247,74,0,74,137,0,4,2,6,2,1,3,0.00,54.01,50.00
10,015,04,070,0012,0248,247,3,250,359,0,4,2,6,2,1,3,0.00,69.64,50.00
10,015,04,070,0012,0249,141,9,150,236,0,4,2,6,2,1,3,0.00,63.56,50.00
10,015,04,070,0013,0250,447,8,455,698,0,4,2,6,2,1,3,0.00,65.19,50.00
10,015,04,070,0014,0251,468,8,476,695,0,4,2,6,2,1,3,0.00,68.49,50.00
10,015,04,110,0001,0000,38,3,41,80,0,2,1,3,1,0,1,0.00,51.25,33.33
10,015,04,110,0002,0000,54,3,57,91,0,2,1,3,1,0,1,0.00,62.64,33.33
10,015,04,110,0003,0000,52,4,56,91,0,2,1,3,1,0,1,0.00,61.54,33.33
10,015,04,110,0004,0000,35,2,37,56,0,2,1,3,1,0,1,0.00,66.07,33.33
10,015,04,110,0005,0000,37,1,38,46,0,2,1,3,1,0,1,0.00,82.61,33.33
10,015,04,110,0006,0000,30,2,32,39,0,2,1,3,1,0,1,0.00,82.05,33.33
10,015,04,110,0007,0000,76,1,77,118,0,2,1,3,1,0,1,0.00,65.25,33.33
10,015,04,110,0008,0000,105,1,106,137,0,2,1,3,1,0,1,0.00,77.37,33.33
10,015,04,110,0009,0000,61,4,65,98,0,2,1,3,1,0,1,0.00,66.33,33.33
10,015,04,110,0009,0116,32,1,33,51,0,2,1,3,1,0,1,0.00,64.71,33.33
10,015,04,110,0009,0117,29,3,32,47,0,2,1,3,1,0,1,0.00,68.09,33.33
10,015,04,110,0001,0118,16,2,18,32,0,2,1,3,1,0,1,0.00,56.25,33.33
10,015,04,110,0001,0119,22,1,23,48,0,2,1,3,1,0,1,0.00,47.92,33.33
10,015,04,110,0002,0120,29,1,30,51,0,2,1,3,1,0,1,0.00,58.82,33.33
10,015,04,110,0002,0121,12,1,13,23,0,2,1,3,1,0,1,0.00,56.52,33.33
10,015,04,110,0002,0122,13,1,14,17,0,2,1,3,1,0,1,0.00,82.35,33.33
10,015,04,110,0003,0123,12,0,12,20,0,2,1,3,1,0,1,0.00,60.00,33.33
10,015,04,110,0003,0124,20,1,21,32,0,2,1,3,1,0,1,0.00,65.63,33.33
10,015,04,110,0003,0125,20,3,23,39,0,2,1,3,1,0,1,0.00,58.97,33.33
10,015,04,110,0007,0126,56,0,56,91,0,2,1,3,1,0,1,0.00,61.54,33.33
10,015,04,110,0007,0127,20,1,21,27,0,2,1,3,1,0,1,0.00,77.78,33.33
10,015,04,110,0008,0128,105,1,106,137,0,2,1,3,1,0,1,0.00,77.37,33.33
10,015,04,110,0004,0129,35,2,37,56,0,2,1,3,1,0,1,0.00,66.07,33.33
10,015,04,110,0005,0130,18,1,19,26,0,2,1,3,1,0,1,0.00,73.08,33.33
10,015,04,110,0005,0131,19,0,19,20,0,2,1,3,1,0,1,0.00,95.00,33.33
10,015,04,110,0006,0132,23,2,25,30,0,2,1,3,1,0,1,0.00,83.33,33.33
10,015,04,110,0006,0133,7,0,7,9,0,2,1,3,1,0,1,0.00,77.78,33.33
10,015,00,050,0000,0000,4710,257,4967,9640,12258,3,0,3,2,0,2,78.64,51.52,66.67
10,015,04,050,0000,0000,4710,257,4967,9640,12258,3,0,3,2,0,2,78.64,51.52,66.67
10,015,05,010,0009,0001,19,2,21,32,0,3,1,4,2,0,2,0.00,65.63,50.00
10,015,05,010,0009,0002,7,0,7,19,0,3,1,4,2,0,2,0.00,36.84,50.00
10,015,05,010,0018,0003,35,1,36,83,0,3,1,4,2,0,2,0.00,43.37,50.00
10,015,05,010,0018,0004,38,2,40,107,0,3,1,4,2,0,2,0.00,37.38,50.00
10,015,05,010,0018,0005,30,2,32,83,0,3,1,4,2,0,2,0.00,38.55,50.00
10,015,05,010,0010,0006,37,2,39,101,0,3,1,4,2,0,2,0.00,38.61,50.00
10,015,05,010,0010,0007,25,0,25,72,0,3,1,4,2,0,2,0.00,34.72,50.00
10,015,05,010,0010,0008,38,3,41,91,0,3,1,4,2,0,2,0.00,45.05,50.00
10,015,05,010,0025,0009,37,2,39,87,0,3,1,4,2,0,2,0.00,44.83,50.00
10,015,05,010,0001,0000,47,2,49,119,0,3,1,4,2,0,2,0.00,41.18,50.00
10,015,05,010,0033,0010,39,2,41,101,0,3,1,4,2,0,2,0.00,40.59,50.00
10,015,05,010,0033,0011,50,2,52,119,0,3,1,4,2,0,2,0.00,43.70,50.00
10,015,05,010,0033,0012,56,4,60,128,0,3,1,4,2,0,2,0.00,46.88,50.00
10,015,05,010,0045,0013,43,2,45,107,0,3,1,4,2,0,2,0.00,42.06,50.00
10,015,05,010,0045,0014,43,2,45,117,0,3,1,4,2,0,2,0.00,38.46,50.00
10,015,05,010,0045,0015,126,2,128,223,0,3,1,4,2,0,2,0.00,57.40,50.00
10,015,05,010,0002,0016,48,3,51,106,0,3,1,4,2,0,2,0.00,48.11,50.00
10,015,05,010,0002,0017,27,0,27,65,0,3,1,4,2,0,2,0.00,41.54,50.00
10,015,05,010,0017,0018,26,2,28,78,0,3,1,4,2,0,2,0.00,35.90,50.00
10,015,05,010,0017,0019,21,1,22,54,0,3,1,4,2,0,2,0.00,40.74,50.00
10,015,05,010,0002,0000,75,3,78,171,0,3,1,4,2,0,2,0.00,45.61,50.00
10,015,05,010,0017,0020,39,1,40,92,0,3,1,4,2,0,2,0.00,43.48,50.00
10,015,05,010,0017,0021,39,2,41,97,0,3,1,4,2,0,2,0.00,42.27,50.00
10,015,05,010,0001,0022,30,1,31,57,0,3,1,4,2,0,2,0.00,54.39,50.00
10,015,05,010,0001,0023,17,1,18,62,0,3,1,4,2,0,2,0.00,29.03,50.00
10,015,05,010,0026,0024,51,3,54,97,0,3,1,4,2,0,2,0.00,55.67,50.00
10,015,05,010,0034,0025,7,3,10,16,0,3,1,4,2,0,2,0.00,62.50,50.00
10,015,05,010,0027,0026,14,1,15,34,0,3,1,4,2,0,2,0.00,44.12,50.00
10,015,05,010,0003,0027,4,0,4,14,0,3,1,4,2,0,2,0.00,28.57,50.00
10,015,05,010,0019,0028,17,2,19,45,0,3,1,4,2,0,2,0.00,42.22,50.00
10,015,05,010,0035,0029,15,0,15,25,0,3,1,4,2,0,2,0.00,60.00,50.00
10,015,05,010,0003,0000,4,0,4,14,0,3,1,4,2,0,2,0.00,28.57,50.00
10,015,05,010,0020,0030,5,1,6,16,0,3,1,4,2,0,2,0.00,37.50,50.00
10,015,05,010,0028,0031,5,0,5,26,0,3,1,4,2,0,2,0.00,19.23,50.00
10,015,05,010,0013,0032,5,0,5,14,0,3,1,4,2,0,2,0.00,35.71,50.00
10,015,05,010,0004,0033,13,0,13,29,0,3,1,4,2,0,2,0.00,44.83,50.00
10,015,05,010,0012,0034,9,0,9,16,0,3,1,4,2,0,2,0.00,56.25,50.00
10,015,05,010,0005,0035,9,0,9,29,0,3,1,4,2,0,2,0.00,31.03,50.00
10,015,05,010,0036,0036,11,1,12,43,0,3,1,4,2,0,2,0.00,27.91,50.00
10,015,05,010,0006,0037,16,0,16,39,0,3,1,4,2,0,2,0.00,41.03,50.00
10,015,05,010,0006,0038,30,6,36,80,0,3,1,4,2,0,2,0.00,45.00,50.00
10,015,05,010,0006,0039,22,0,22,39,0,3,1,4,2,0,2,0.00,56.41,50.00
10,015,05,010,0004,0000,13,0,13,29,0,3,1,4,2,0,2,0.00,44.83,50.00
10,015,05,010,0021,0040,4,0,4,33,0,3,1,4,2,0,2,0.00,12.12,50.00
10,015,05,010,0021,0041,13,0,13,42,0,3,1,4,2,0,2,0.00,30.95,50.00
10,015,05,010,0014,0042,55,7,62,103,0,3,1,4,2,0,2,0.00,60.19,50.00
10,015,05,010,0014,0043,50,5,55,102,0,3,1,4,2,0,2,0.00,53.92,50.00
10,015,05,010,0014,0044,14,1,15,44,0,3,1,4,2,0,2,0.00,34.09,50.00
10,015,05,010,0014,0045,11,0,11,29,0,3,1,4,2,0,2,0.00,37.93,50.00
10,015,05,010,0042,0046,28,0,28,58,0,3,1,4,2,0,2,0.00,48.28,50.00
10,015,05,010,0042,0047,16,4,20,71,0,3,1,4,2,0,2,0.00,28.17,50.00
10,015,05,010,0037,0048,43,2,45,87,0,3,1,4,2,0,2,0.00,51.72,50.00
10,015,05,010,0037,0049,86,0,86,174,0,3,1,4,2,0,2,0.00,49.43,50.00
10,015,05,010,0005,0000,9,0,9,29,0,3,1,4,2,0,2,0.00,31.03,50.00
10,015,05,010,0037,0050,106,6,112,220,0,3,1,4,2,0,2,0.00,50.91,50.00
10,015,05,010,0037,0051,57,3,60,129,0,3,1,4,2,0,2,0.00,46.51,50.00
10,015,05,010,0037,0052,32,3,35,70,0,3,1,4,2,0,2,0.00,50.00,50.00
10,015,05,010,0029,0053,5,1,6,23,0,3,1,4,2,0,2,0.00,26.09,50.00
10,015,05,010,0029,0054,18,0,18,35,0,3,1,4,2,0,2,0.00,51.43,50.00
10,015,05,010,0029,0055,26,0,26,73,0,3,1,4,2,0,2,0.00,35.62,50.00
10,015,05,010,0008,0056,16,0,16,28,0,3,1,4,2,0,2,0.00,57.14,50.00
10,015,05,010,0008,0057,12,0,12,24,0,3,1,4,2,0,2,0.00,50.00,50.00
10,015,05,010,0008,0058,19,1,20,47,0,3,1,4,2,0,2,0.00,42.55,50.00
10,015,05,010,0007,0059,11,2,13,77,0,3,1,4,2,0,2,0.00,16.88,50.00
10,015,05,010,0006,0000,68,6,74,158,0,3,1,4,2,0,2,0.00,46.84,50.00
10,015,05,010,0007,0060,12,0,12,32,0,3,1,4,2,0,2,0.00,37.50,50.00
10,015,05,010,0015,0061,12,2,14,38,0,3,1,4,2,0,2,0.00,36.84,50.00
10,015,05,010,0030,0062,11,0,11,24,0,3,1,4,2,0,2,0.00,45.83,50.00
10,015,05,010,0022,0063,20,0,20,56,0,3,1,4,2,0,2,0.00,35.71,50.00
10,015,05,010,0039,0064,22,1,23,55,0,3,1,4,2,0,2,0.00,41.82,50.00
10,015,05,010,0038,0065,17,0,17,38,0,3,1,4,2,0,2,0.00,44.74,50.00
10,015,05,010,0038,0066,10,2,12,33,0,3,1,4,2,0,2,0.00,36.36,50.00
10,015,05,010,0031,0067,15,3,18,45,0,3,1,4,2,0,2,0.00,40.00,50.00
10,015,05,010,0031,0068,14,2,16,39,0,3,1,4,2,0,2,0.00,41.03,50.00
10,015,05,010,0023,0069,22,0,22,70,0,3,1,4,2,0,2,0.00,31.43,50.00
10,015,05,010,0007,0000,23,2,25,109,0,3,1,4,2,0,2,0.00,22.94,50.00
10,015,05,010,0023,0070,20,0,20,35,0,3,1,4,2,0,2,0.00,57.14,50.00
10,015,05,010,0023,0071,13,2,15,41,0,3,1,4,2,0,2,0.00,36.59,50.00
10,015,05,010,0043,0072,37,2,39,110,0,3,1,4,2,0,2,0.00,35.45,50.00
10,015,05,010,0043,0073,28,2,30,75,0,3,1,4,2,0,2,0.00,40.00,50.00
10,015,05,010,0043,0074,32,2,34,73,0,3,1,4,2,0,2,0.00,46.58,50.00
10,015,05,010,0043,0075,39,1,40,98,0,3,1,4,2,0,2,0.00,40.82,50.00
10,015,05,010,0024,0076,61,4,65,101,0,3,1,4,2,0,2,0.00,64.36,50.00
10,015,05,010,0024,0077,41,1,42,119,0,3,1,4,2,0,2,0.00,35.29,50.00
10,015,05,010,0016,0078,24,0,24,65,0,3,1,4,2,0,2,0.00,36.92,50.00
10,015,05,010,0016,0079,24,0,24,51,0,3,1,4,2,0,2,0.00,47.06,50.00
10,015,05,010,0008,0000,47,1,48,99,0,3,1,4,2,0,2,0.00,48.48,50.00
10,015,05,010,0016,0080,44,1,45,93,0,3,1,4,2,0,2,0.00,48.39,50.00
10,015,05,010,0016,0081,27,0,27,61,0,3,1,4,2,0,2,0.00,44.26,50.00
10,015,05,010,0016,0082,22,4,26,66,0,3,1,4,2,0,2,0.00,39.39,50.00
10,015,05,010,0041,0083,43,1,44,110,0,3,1,4,2,0,2,0.00,40.00,50.00
10,015,05,010,0041,0084,41,3,44,81,0,3,1,4,2,0,2,0.00,54.32,50.00
10,015,05,010,0041,0085,42,0,42,76,0,3,1,4,2,0,2,0.00,55.26,50.00
10,015,05,010,0041,0086,57,6,63,127,0,3,1,4,2,0,2,0.00,49.61,50.00
10,015,05,010,0032,0087,74,2,76,153,0,3,1,4,2,0,2,0.00,49.67,50.00
10,015,05,010,0044,0088,26,0,26,38,0,3,1,4,2,0,2,0.00,68.42,50.00
10,015,05,010,0044,0089,34,2,36,67,0,3,1,4,2,0,2,0.00,53.73,50.00
10,015,05,010,0009,0000,26,2,28,51,0,3,1,4,2,0,2,0.00,54.90,50.00
10,015,05,010,0044,0090,37,1,38,103,0,3,1,4,2,0,2,0.00,36.89,50.00
10,015,05,010,0044,0091,26,2,28,79,0,3,1,4,2,0,2,0.00,35.44,50.00
10,015,05,010,0040,0092,100,7,107,200,0,3,1,4,2,0,2,0.00,53.50,50.00
10,015,05,010,0040,0093,172,7,179,293,0,3,1,4,2,0,2,0.00,61.09,50.00
10,015,05,010,0010,0000,100,5,105,264,0,3,1,4,2,0,2,0.00,39.77,50.00
10,015,05,010,0012,0000,9,0,9,16,0,3,1,4,2,0,2,0.00,56.25,50.00
10,015,05,010,0013,0000,5,0,5,14,0,3,1,4,2,0,2,0.00,35.71,50.00
10,015,05,010,0014,0000,130,13,143,278,0,3,1,4,2,0,2,0.00,51.44,50.00
10,015,05,010,0015,0000,12,2,14,38,0,3,1,4,2,0,2,0.00,36.84,50.00
10,015,05,010,0016,0000,141,5,146,336,0,3,1,4,2,0,2,0.00,43.45,50.00
10,015,05,010,0017,0000,125,6,131,321,0,3,1,4,2,0,2,0.00,40.81,50.00
10,015,05,010,0018,0000,103,5,108,273,0,3,1,4,2,0,2,0.00,39.56,50.00
10,015,05,010,0019,0000,17,2,19,45,0,3,1,4,2,0,2,0.00,42.22,50.00
10,015,05,010,0020,0000,5,1,6,16,0,3,1,4,2,0,2,0.00,37.50,50.00
10,015,05,010,0021,0000,17,0,17,75,0,3,1,4,2,0,2,0.00,22.67,50.00
10,015,05,010,0022,0000,20,0,20,56,0,3,1,4,2,0,2,0.00,35.71,50.00
10,015,05,010,0023,0000,55,2,57,146,0,3,1,4,2,0,2,0.00,39.04,50.00
10,015,05,010,0024,0000,102,5,107,220,0,3,1,4,2,0,2,0.00,48.64,50.00
10,015,05,010,0025,0000,37,2,39,87,0,3,1,4,2,0,2,0.00,44.83,50.00
10,015,05,010,0026,0000,51,3,54,97,0,3,1,4,2,0,2,0.00,55.67,50.00
10,015,05,010,0027,0000,14,1,15,34,0,3,1,4,2,0,2,0.00,44.12,50.00
10,015,05,010,0028,0000,5,0,5,26,0,3,1,4,2,0,2,0.00,19.23,50.00
10,015,05,010,0029,0000,49,1,50,131,0,3,1,4,2,0,2,0.00,38.17,50.00
10,015,05,010,0030,0000,11,0,11,24,0,3,1,4,2,0,2,0.00,45.83,50.00
10,015,05,010,0031,0000,29,5,34,84,0,3,1,4,2,0,2,0.00,40.48,50.00
10,015,05,010,0032,0000,74,2,76,153,0,3,1,4,2,0,2,0.00,49.67,50.00
10,015,05,010,0033,0000,145,8,153,348,0,3,1,4,2,0,2,0.00,43.97,50.00
10,015,05,010,0034,0000,7,3,10,16,0,3,1,4,2,0,2,0.00,62.50,50.00
10,015,05,010,0035,0000,15,0,15,25,0,3,1,4,2,0,2,0.00,60.00,50.00
10,015,05,010,0036,0000,11,1,12,43,0,3,1,4,2,0,2,0.00,27.91,50.00
10,015,05,010,0037,0000,324,14,338,680,0,3,1,4,2,0,2,0.00,49.71,50.00
10,015,05,010,0038,0000,27,2,29,71,0,3,1,4,2,0,2,0.00,40.85,50.00
10,015,05,010,0039,0000,22,1,23,55,0,3,1,4,2,0,2,0.00,41.82,50.00
10,015,05,010,0040,0000,272,14,286,493,0,3,1,4,2,0,2,0.00,58.01,50.00
10,015,05,010,0041,0000,183,10,193,394,0,3,1,4,2,0,2,0.00,48.98,50.00
10,015,05,010,0042,0000,44,4,48,129,0,3,1,4,2,0,2,0.00,37.21,50.00
10,015,05,010,0043,0000,136,7,143,356,0,3,1,4,2,0,2,0.00,40.17,50.00
10,015,05,010,0044,0000,123,5,128,287,0,3,1,4,2,0,2,0.00,44.60,50.00
10,015,05,010,0045,0000,212,6,218,447,0,3,1,4,2,0,2,0.00,48.77,50.00
10,015,00,060,0000,0000,2733,98,2831,4389,5220,4,1,5,3,0,3,84.08,64.50,60.00
10,015,04,060,0000,0000,2733,98,2831,4389,5220,4,1,5,3,0,3,84.08,64.50,60.00
10,015,00,070,0000,0000,3492,108,3600,5448,6329,7,4,11,5,1,6,86.08,66.08,54.55
10,015,03,070,0000,0000,1670,68,1738,2635,3118,3,2,5,3,0,3,84.51,65.96,60.00
10,015,04,070,0000,0000,1822,40,1862,2813,3211,4,2,6,2,1,3,87.61,66.19,50.00
10,015,00,080,0000,0000,2218,66,2284,3145,3495,6,3,9,3,3,6,89.99,72.62,66.67
10,015,02,080,0000,0000,2218,66,2284,3145,3495,6,3,9,3,3,6,89.99,72.62,66.67
10,015,00,090,0000,0000,2113,86,2199,3392,4057,4,4,8,1,3,4,83.61,64.83,50.00
10,015,03,090,0000,0000,2113,86,2199,3392,4057,4,4,8,1,3,4,83.61,64.83,50.00
10,015,00,100,0000,0000,700,31,731,1197,1453,3,0,3,1,0,1,82.38,61.07,33.33
10,015,03,100,0000,0000,700,31,731,1197,1453,3,0,3,1,0,1,82.38,61.07,33.33
10,015,00,110,0000,0000,488,21,509,756,1026,2,1,3,1,0,1,73.68,67.33,33.33
10,015,04,110,0000,0000,488,21,509,756,1026,2,1,3,1,0,1,73.68,67.33,33.33
