type,code,name,type_name
R1,R1-09007010-01,連江縣南竿鄉第01選區,鄉鎮市民代表(區域)
R1,R1-09007020-01,連江縣北竿鄉第01選區,鄉鎮市民代表(區域)
R1,R1-09007030-01,連江縣莒光鄉第01選區,鄉鎮市民代表(區域)
R1,R1-09007040-01,連江縣東引鄉第01選區,鄉鎮市民代表(區域)
R1,R1-09020010-01,金門縣金城鎮第01選區,鄉鎮市民代表(區域)
R1,R1-09020020-01,金門縣金沙鎮第01選區,鄉鎮市民代表(區域)
R1,R1-09020030-01,金門縣金湖鎮第01選區,鄉鎮市民代表(區域)
R1,R1-09020040-01,金門縣金寧鄉第01選區,鄉鎮市民代表(區域)
R1,R1-09020050-01,金門縣烈嶼鄉第01選區,鄉鎮市民代表(區域)
R1,R1-09020060-01,金門縣烏坵鄉第01選區,鄉鎮市民代表(區域)
R1,R1-10002010-01,宜蘭縣宜蘭市第01選區,鄉鎮市民代表(區域)
R1,R1-10002010-02,宜蘭縣宜蘭市第02選區,鄉鎮市民代表(區域)
R1,R1-10002010-03,宜蘭縣宜蘭市第03選區,鄉鎮市民代表(區域)
R1,R1-10002010-04,宜蘭縣宜蘭市第04選區,鄉鎮市民代表(區域)
R1,R1-10002020-01,宜蘭縣羅東鎮第01選區,鄉鎮市民代表(區域)
R1,R1-10002020-02,宜蘭縣羅東鎮第02選區,鄉鎮市民代表(區域)
R1,R1-10002020-03,宜蘭縣羅東鎮第03選區,鄉鎮市民代表(區域)
R1,R1-10002020-04,宜蘭縣羅東鎮第04選區,鄉鎮市民代表(區域)
R1,R1-10002030-01,宜蘭縣蘇澳鎮第01選區,鄉鎮市民代表(區域)
R1,R1-10002030-02,宜蘭縣蘇澳鎮第02選區,鄉鎮市民代表(區域)
R1,R1-10002030-03,宜蘭縣蘇澳鎮第03選區,鄉鎮市民代表(區域)
R1,R1-10002030-04,宜蘭縣蘇澳鎮第04選區,鄉鎮市民代表(區域)
R1,R1-10002040-01,宜蘭縣頭城鎮第01選區,鄉鎮市民代表(區域)
R1,R1-10002040-02,宜蘭縣頭城鎮第02選區,鄉鎮市民代表(區域)
R1,R1-10002040-03,宜蘭縣頭城鎮第03選區,鄉鎮市民代表(區域)
R1,R1-10002040-04,宜蘭縣頭城鎮第04選區,鄉鎮市民代表(區域)
R1,R1-10002050-01,宜蘭縣礁溪鄉第01選區,鄉鎮市民代表(區域)
R1,R1-10002050-02,宜蘭縣礁溪鄉第02選區,鄉鎮市民代表(區域)
R1,R1-10002050-03,宜蘭縣礁溪鄉第03選區,鄉鎮市民代表(區域)
R1,R1-10002050-04,宜蘭縣礁溪鄉第04選區,鄉鎮市民代表(區域)
R1,R1-10002060-01,宜蘭縣壯圍鄉第01選區,鄉鎮市民代表(區域)
R1,R1-10002060-02,宜蘭縣壯圍鄉第02選區,鄉鎮市民代表(區域)
R1,R1-10002060-03,宜蘭縣壯圍鄉第03選區,鄉鎮市民代表(區域)
R1,R1-10002060-04,宜蘭縣壯圍鄉第04選區,鄉鎮市民代表(區域)
R1,R1-10002070-01,宜蘭縣員山鄉第01選區,鄉鎮市民代表(區域)
R1,R1-10002070-02,宜蘭縣員山鄉第02選區,鄉鎮市民代表(區域)
R1,R1-10002070-03,宜蘭縣員山鄉第03選區,鄉鎮市民代表(區域)
R1,R1-10002070-04,宜蘭縣員山鄉第04選區,鄉鎮市民代表(區域)
R1,R1-10002080-01,宜蘭縣冬山鄉第01選區,鄉鎮市民代表(區域)
R1,R1-10002080-02,宜蘭縣冬山鄉第02選區,鄉鎮市民代表(區域)
R1,R1-10002080-03,宜蘭縣冬山鄉第03選區,鄉鎮市民代表(區域)
R1,R1-10002080-04,宜蘭縣冬山鄉第04選區,鄉鎮市民代表(區域)
R1,R1-10002090-01,宜蘭縣五結鄉第01選區,鄉鎮市民代表(區域)
R1,R1-10002090-02,宜蘭縣五結鄉第02選區,鄉鎮市民代表(區域)
R1,R1-10002090-03,宜蘭縣五結鄉第03選區,鄉鎮市民代表(區域)
R1,R1-10002090-04,宜蘭縣五結鄉第04選區,鄉鎮市民代表(區域)
R1,R1-10002090-05,宜蘭縣五結鄉第05選區,鄉鎮市民代表(區域)
R1,R1-10002100-01,宜蘭縣三星鄉第01選區,鄉鎮市民代表(區域)
R1,R1-10002100-02,宜蘭縣三星鄉第02選區,鄉鎮市民代表(區域)
R1,R1-10002100-03,宜蘭縣三星鄉第03選區,鄉鎮市民代表(區域)
R1,R1-10002100-04,宜蘭縣三星鄉第04選區,鄉鎮市民代表(區域)
R1,R1-10002110-01,宜蘭縣大同鄉第01選區,鄉鎮市民代表(區域)
R1,R1-10002110-02,宜蘭縣大同鄉第02選區,鄉鎮市民代表(區域)
R1,R1-10002110-03,宜蘭縣大同鄉第03選區,鄉鎮市民代表(區域)
R1,R1-10002110-04,宜蘭縣大同鄉第04選區,鄉鎮市民代表(區域)
R1,R1-10002120-01,宜蘭縣南澳鄉第01選區,鄉鎮市民代表(區域)
R1,R1-10002120-02,宜蘭縣南澳鄉第02選區,鄉鎮市民代表(區域)
R1,R1-10002120-03,宜蘭縣南澳鄉第03選區,鄉鎮市民代表(區域)
R1,R1-10002120-04,宜蘭縣南澳鄉第04選區,鄉鎮市民代表(區域)
R1,R1-10004010-01,新竹縣竹北市第01選區,鄉鎮市民代表(區域)
R1,R1-10004010-02,新竹縣竹北市第02選區,鄉鎮市民代表(區域)
R1,R1-10004010-03,新竹縣竹北市第03選區,鄉鎮市民代表(區域)
R1,R1-10004010-04,新竹縣竹北市第04選區,鄉鎮市民代表(區域)
R1,R1-10004020-01,新竹縣竹東鎮第01選區,鄉鎮市民代表(區域)
R1,R1-10004020-02,新竹縣竹東鎮第02選區,鄉鎮市民代表(區域)
R1,R1-10004020-03,新竹縣竹東鎮第03選區,鄉鎮市民代表(區域)
R1,R1-10004020-04,新竹縣竹東鎮第04選區,鄉鎮市民代表(區域)
R1,R1-10004030-01,新竹縣新埔鎮第01選區,鄉鎮市民代表(區域)
R1,R1-10004030-02,新竹縣新埔鎮第02選區,鄉鎮市民代表(區域)
R1,R1-10004030-03,新竹縣新埔鎮第03選區,鄉鎮市民代表(區域)
R1,R1-10004030-04,新竹縣新埔鎮第04選區,鄉鎮市民代表(區域)
R1,R1-10004040-01,新竹縣關西鎮第01選區,鄉鎮市民代表(區域)
R1,R1-10004040-02,新竹縣關西鎮第02選區,鄉鎮市民代表(區域)
R1,R1-10004040-03,新竹縣關西鎮第03選區,鄉鎮市民代表(區域)
R1,R1-10004040-04,新竹縣關西鎮第04選區,鄉鎮市民代表(區域)
R1,R1-10004050-01,新竹縣湖口鄉第01選區,鄉鎮市民代表(區域)
R1,R1-10004050-02,新竹縣湖口鄉第02選區,鄉鎮市民代表(區域)
R1,R1-10004050-03,新竹縣湖口鄉第03選區,鄉鎮市民代表(區域)
R1,R1-10004050-04,新竹縣湖口鄉第04選區,鄉鎮市民代表(區域)
R1,R1-10004060-01,新竹縣新豐鄉第01選區,鄉鎮市民代表(區域)
R1,R1-10004060-02,新竹縣新豐鄉第02選區,鄉鎮市民代表(區域)
R1,R1-10004060-03,新竹縣新豐鄉第03選區,鄉鎮市民代表(區域)
R1,R1-10004060-04,新竹縣新豐鄉第04選區,鄉鎮市民代表(區域)
R1,R1-10004070-01,新竹縣芎林鄉第01選區,鄉鎮市民代表(區域)
R1,R1-10004070-02,新竹縣芎林鄉第02選區,鄉鎮市民代表(區域)
R1,R1-10004070-03,新竹縣芎林鄉第03選區,鄉鎮市民代表(區域)
R1,R1-10004070-04,新竹縣芎林鄉第04選區,鄉鎮市民代表(區域)
R1,R1-10004080-01,新竹縣橫山鄉第01選區,鄉鎮市民代表(區域)
R1,R1-10004080-02,新竹縣橫山鄉第02選區,鄉鎮市民代表(區域)
R1,R1-10004080-03,新竹縣橫山鄉第03選區,鄉鎮市民代表(區域)
R1,R1-10004080-04,新竹縣橫山鄉第04選區,鄉鎮市民代表(區域)
R1,R1-10004090-01,新竹縣北埔鄉第01選區,鄉鎮市民代表(區域)
R1,R1-10004090-02,新竹縣北埔鄉第02選區,鄉鎮市民代表(區域)
R1,R1-10004090-03,新竹縣北埔鄉第03選區,鄉鎮市民代表(區域)
R1,R1-10004100-01,新竹縣寶山鄉第01選區,鄉鎮市民代表(區域)
R1,R1-10004100-02,新竹縣寶山鄉第02選區,鄉鎮市民代表(區域)
R1,R1-10004100-03,新竹縣寶山鄉第03選區,鄉鎮市民代表(區域)
R1,R1-10004100-04,新竹縣寶山鄉第04選區,鄉鎮市民代表(區域)
R1,R1-10004110-01,新竹縣峨眉鄉第01選區,鄉鎮市民代表(區域)
R1,R1-10004110-02,新竹縣峨眉鄉第02選區,鄉鎮市民代表(區域)
R1,R1-10004120-01,新竹縣尖石鄉第01選區,鄉鎮市民代表(區域)
R1,R1-10004120-02,新竹縣尖石鄉第02選區,鄉鎮市民代表(區域)
R1,R1-10004120-03,新竹縣尖石鄉第03選區,鄉鎮市民代表(區域)
R1,R1-10004130-01,新竹縣五峰鄉第01選區,鄉鎮市民代表(區域)
R1,R1-10004130-02,新竹縣五峰鄉第02選區,鄉鎮市民代表(區域)
R1,R1-10004130-03,新竹縣五峰鄉第03選區,鄉鎮市民代表(區域)
R1,R1-10005010-01,苗栗縣苗栗市第01選區,鄉鎮市民代表(區域)
R1,R1-10005010-02,苗栗縣苗栗市第02選區,鄉鎮市民代表(區域)
R1,R1-10005010-03,苗栗縣苗栗市第03選區,鄉鎮市民代表(區域)
R1,R1-10005010-04,苗栗縣苗栗市第04選區,鄉鎮市民代表(區域)
R1,R1-10005020-01,苗栗縣苑裡鎮第01選區,鄉鎮市民代表(區域)
R1,R1-10005020-02,苗栗縣苑裡鎮第02選區,鄉鎮市民代表(區域)
R1,R1-10005020-03,苗栗縣苑裡鎮第03選區,鄉鎮市民代表(區域)
R1,R1-10005030-01,苗栗縣通霄鎮第01選區,鄉鎮市民代表(區域)
R1,R1-10005030-02,苗栗縣通霄鎮第02選區,鄉鎮市民代表(區域)
R1,R1-10005030-03,苗栗縣通霄鎮第03選區,鄉鎮市民代表(區域)
R1,R1-10005030-04,苗栗縣通霄鎮第04選區,鄉鎮市民代表(區域)
R1,R1-10005040-01,苗栗縣竹南鎮第01選區,鄉鎮市民代表(區域)
R1,R1-10005040-02,苗栗縣竹南鎮第02選區,鄉鎮市民代表(區域)
R1,R1-10005040-03,苗栗縣竹南鎮第03選區,鄉鎮市民代表(區域)
R1,R1-10005040-04,苗栗縣竹南鎮第04選區,鄉鎮市民代表(區域)
R1,R1-10005050-01,苗栗縣頭份市第01選區,鄉鎮市民代表(區域)
R1,R1-10005050-02,苗栗縣頭份市第02選區,鄉鎮市民代表(區域)
R1,R1-10005050-03,苗栗縣頭份市第03選區,鄉鎮市民代表(區域)
R1,R1-10005050-04,苗栗縣頭份市第04選區,鄉鎮市民代表(區域)
R1,R1-10005050-05,苗栗縣頭份市第05選區,鄉鎮市民代表(區域)
R1,R1-10005060-01,苗栗縣後龍鎮第01選區,鄉鎮市民代表(區域)
R1,R1-10005060-02,苗栗縣後龍鎮第02選區,鄉鎮市民代表(區域)
R1,R1-10005060-03,苗栗縣後龍鎮第03選區,鄉鎮市民代表(區域)
R1,R1-10005060-04,苗栗縣後龍鎮第04選區,鄉鎮市民代表(區域)
R1,R1-10005070-01,苗栗縣卓蘭鎮第01選區,鄉鎮市民代表(區域)
R1,R1-10005070-02,苗栗縣卓蘭鎮第02選區,鄉鎮市民代表(區域)
R1,R1-10005070-03,苗栗縣卓蘭鎮第03選區,鄉鎮市民代表(區域)
R1,R1-10005070-04,苗栗縣卓蘭鎮第04選區,鄉鎮市民代表(區域)
R1,R1-10005080-01,苗栗縣大湖鄉第01選區,鄉鎮市民代表(區域)
R1,R1-10005080-02,苗栗縣大湖鄉第02選區,鄉鎮市民代表(區域)
R1,R1-10005080-03,苗栗縣大湖鄉第03選區,鄉鎮市民代表(區域)
R1,R1-10005080-04,苗栗縣大湖鄉第04選區,鄉鎮市民代表(區域)
R1,R1-10005090-01,苗栗縣公館鄉第01選區,鄉鎮市民代表(區域)
R1,R1-10005090-02,苗栗縣公館鄉第02選區,鄉鎮市民代表(區域)
R1,R1-10005090-03,苗栗縣公館鄉第03選區,鄉鎮市民代表(區域)
R1,R1-10005100-01,苗栗縣銅鑼鄉第01選區,鄉鎮市民代表(區域)
R1,R1-10005100-02,苗栗縣銅鑼鄉第02選區,鄉鎮市民代表(區域)
R1,R1-10005100-03,苗栗縣銅鑼鄉第03選區,鄉鎮市民代表(區域)
R1,R1-10005100-04,苗栗縣銅鑼鄉第04選區,鄉鎮市民代表(區域)
R1,R1-10005100-05,苗栗縣銅鑼鄉第05選區,鄉鎮市民代表(區域)
R1,R1-10005110-01,苗栗縣南庄鄉第01選區,鄉鎮市民代表(區域)
R1,R1-10005110-02,苗栗縣南庄鄉第02選區,鄉鎮市民代表(區域)
R1,R1-10005110-03,苗栗縣南庄鄉第03選區,鄉鎮市民代表(區域)
R1,R1-10005120-01,苗栗縣頭屋鄉第01選區,鄉鎮市民代表(區域)
R1,R1-10005120-02,苗栗縣頭屋鄉第02選區,鄉鎮市民代表(區域)
R1,R1-10005120-03,苗栗縣頭屋鄉第03選區,鄉鎮市民代表(區域)
R1,R1-10005120-04,苗栗縣頭屋鄉第04選區,鄉鎮市民代表(區域)
R1,R1-10005120-05,苗栗縣頭屋鄉第05選區,鄉鎮市民代表(區域)
R1,R1-10005130-01,苗栗縣三義鄉第01選區,鄉鎮市民代表(區域)
R1,R1-10005130-02,苗栗縣三義鄉第02選區,鄉鎮市民代表(區域)
R1,R1-10005130-03,苗栗縣三義鄉第03選區,鄉鎮市民代表(區域)
R1,R1-10005130-04,苗栗縣三義鄉第04選區,鄉鎮市民代表(區域)
R1,R1-10005140-01,苗栗縣西湖鄉第01選區,鄉鎮市民代表(區域)
R1,R1-10005140-02,苗栗縣西湖鄉第02選區,鄉鎮市民代表(區域)
R1,R1-10005150-01,苗栗縣造橋鄉第01選區,鄉鎮市民代表(區域)
R1,R1-10005150-02,苗栗縣造橋鄉第02選區,鄉鎮市民代表(區域)
R1,R1-10005150-03,苗栗縣造橋鄉第03選區,鄉鎮市民代表(區域)
R1,R1-10005150-04,苗栗縣造橋鄉第04選區,鄉鎮市民代表(區域)
R1,R1-10005160-01,苗栗縣三灣鄉第01選區,鄉鎮市民代表(區域)
R1,R1-10005160-02,苗栗縣三灣鄉第02選區,鄉鎮市民代表(區域)
R1,R1-10005160-03,苗栗縣三灣鄉第03選區,鄉鎮市民代表(區域)
R1,R1-10005170-01,苗栗縣獅潭鄉第01選區,鄉鎮市民代表(區域)
R1,R1-10005170-02,苗栗縣獅潭鄉第02選區,鄉鎮市民代表(區域)
R1,R1-10005170-03,苗栗縣獅潭鄉第03選區,鄉鎮市民代表(區域)
R1,R1-10005180-01,苗栗縣泰安鄉第01選區,鄉鎮市民代表(區域)
R1,R1-10005180-02,苗栗縣泰安鄉第02選區,鄉鎮市民代表(區域)
R1,R1-10005180-03,苗栗縣泰安鄉第03選區,鄉鎮市民代表(區域)
R1,R1-10007010-01,彰化縣彰化市第01選區,鄉鎮市民代表(區域)
R1,R1-10007010-02,彰化縣彰化市第02選區,鄉鎮市民代表(區域)
R1,R1-10007010-03,彰化縣彰化市第03選區,鄉鎮市民代表(區域)
R1,R1-10007010-04,彰化縣彰化市第04選區,鄉鎮市民代表(區域)
R1,R1-10007020-01,彰化縣鹿港鎮第01選區,鄉鎮市民代表(區域)
R1,R1-10007020-02,彰化縣鹿港鎮第02選區,鄉鎮市民代表(區域)
R1,R1-10007020-03,彰化縣鹿港鎮第03選區,鄉鎮市民代表(區域)
R1,R1-10007020-04,彰化縣鹿港鎮第04選區,鄉鎮市民代表(區域)
R1,R1-10007030-01,彰化縣和美鎮第01選區,鄉鎮市民代表(區域)
R1,R1-10007030-02,彰化縣和美鎮第02選區,鄉鎮市民代表(區域)
R1,R1-10007030-03,彰化縣和美鎮第03選區,鄉鎮市民代表(區域)
R1,R1-10007030-04,彰化縣和美鎮第04選區,鄉鎮市民代表(區域)
R1,R1-10007040-01,彰化縣線西鄉第01選區,鄉鎮市民代表(區域)
R1,R1-10007040-02,彰化縣線西鄉第02選區,鄉鎮市民代表(區域)
R1,R1-10007040-03,彰化縣線西鄉第03選區,鄉鎮市民代表(區域)
R1,R1-10007050-01,彰化縣伸港鄉第01選區,鄉鎮市民代表(區域)
R1,R1-10007050-02,彰化縣伸港鄉第02選區,鄉鎮市民代表(區域)
R1,R1-10007050-03,彰化縣伸港鄉第03選區,鄉鎮市民代表(區域)
R1,R1-10007050-04,彰化縣伸港鄉第04選區,鄉鎮市民代表(區域)
R1,R1-10007060-01,彰化縣福興鄉第01選區,鄉鎮市民代表(區域)
R1,R1-10007060-02,彰化縣福興鄉第02選區,鄉鎮市民代表(區域)
R1,R1-10007060-03,彰化縣福興鄉第03選區,鄉鎮市民代表(區域)
R1,R1-10007070-01,彰化縣秀水鄉第01選區,鄉鎮市民代表(區域)
R1,R1-10007070-02,彰化縣秀水鄉第02選區,鄉鎮市民代表(區域)
R1,R1-10007070-03,彰化縣秀水鄉第03選區,鄉鎮市民代表(區域)
R1,R1-10007080-01,彰化縣花壇鄉第01選區,鄉鎮市民代表(區域)
R1,R1-10007080-02,彰化縣花壇鄉第02選區,鄉鎮市民代表(區域)
R1,R1-10007080-03,彰化縣花壇鄉第03選區,鄉鎮市民代表(區域)
R1,R1-10007090-01,彰化縣芬園鄉第01選區,鄉鎮市民代表(區域)
R1,R1-10007090-02,彰化縣芬園鄉第02選區,鄉鎮市民代表(區域)
R1,R1-10007090-03,彰化縣芬園鄉第03選區,鄉鎮市民代表(區域)
R1,R1-10007090-04,彰化縣芬園鄉第04選區,鄉鎮市民代表(區域)
R1,R1-10007100-01,彰化縣員林市第01選區,鄉鎮市民代表(區域)
R1,R1-10007100-02,彰化縣員林市第02選區,鄉鎮市民代表(區域)
R1,R1-10007100-03,彰化縣員林市第03選區,鄉鎮市民代表(區域)
R1,R1-10007100-04,彰化縣員林市第04選區,鄉鎮市民代表(區域)
R1,R1-10007110-01,彰化縣溪湖鎮第01選區,鄉鎮市民代表(區域)
R1,R1-10007110-02,彰化縣溪湖鎮第02選區,鄉鎮市民代表(區域)
R1,R1-10007110-03,彰化縣溪湖鎮第03選區,鄉鎮市民代表(區域)
R1,R1-10007120-01,彰化縣田中鎮第01選區,鄉鎮市民代表(區域)
R1,R1-10007120-02,彰化縣田中鎮第02選區,鄉鎮市民代表(區域)
R1,R1-10007120-03,彰化縣田中鎮第03選區,鄉鎮市民代表(區域)
R1,R1-10007130-01,彰化縣大村鄉第01選區,鄉鎮市民代表(區域)
R1,R1-10007130-02,彰化縣大村鄉第02選區,鄉鎮市民代表(區域)
R1,R1-10007130-03,彰化縣大村鄉第03選區,鄉鎮市民代表(區域)
R1,R1-10007130-04,彰化縣大村鄉第04選區,鄉鎮市民代表(區域)
R1,R1-10007140-01,彰化縣埔鹽鄉第01選區,鄉鎮市民代表(區域)
R1,R1-10007140-02,彰化縣埔鹽鄉第02選區,鄉鎮市民代表(區域)
R1,R1-10007140-03,彰化縣埔鹽鄉第03選區,鄉鎮市民代表(區域)
R1,R1-10007150-01,彰化縣埔心鄉第01選區,鄉鎮市民代表(區域)
R1,R1-10007150-02,彰化縣埔心鄉第02選區,鄉鎮市民代表(區域)
R1,R1-10007150-03,彰化縣埔心鄉第03選區,鄉鎮市民代表(區域)
R1,R1-10007160-01,彰化縣永靖鄉第01選區,鄉鎮市民代表(區域)
R1,R1-10007160-02,彰化縣永靖鄉第02選區,鄉鎮市民代表(區域)
R1,R1-10007160-03,彰化縣永靖鄉第03選區,鄉鎮市民代表(區域)
R1,R1-10007170-01,彰化縣社頭鄉第01選區,鄉鎮市民代表(區域)
R1,R1-10007170-02,彰化縣社頭鄉第02選區,鄉鎮市民代表(區域)
R1,R1-10007170-03,彰化縣社頭鄉第03選區,鄉鎮市民代表(區域)
R1,R1-10007170-04,彰化縣社頭鄉第04選區,鄉鎮市民代表(區域)
R1,R1-10007180-01,彰化縣二水鄉第01選區,鄉鎮市民代表(區域)
R1,R1-10007180-02,彰化縣二水鄉第02選區,鄉鎮市民代表(區域)
R1,R1-10007180-03,彰化縣二水鄉第03選區,鄉鎮市民代表(區域)
R1,R1-10007190-01,彰化縣北斗鎮第01選區,鄉鎮市民代表(區域)
R1,R1-10007190-02,彰化縣北斗鎮第02選區,鄉鎮市民代表(區域)
R1,R1-10007190-03,彰化縣北斗鎮第03選區,鄉鎮市民代表(區域)
R1,R1-10007190-04,彰化縣北斗鎮第04選區,鄉鎮市民代表(區域)
R1,R1-10007200-01,彰化縣二林鎮第01選區,鄉鎮市民代表(區域)
R1,R1-10007200-02,彰化縣二林鎮第02選區,鄉鎮市民代表(區域)
R1,R1-10007200-03,彰化縣二林鎮第03選區,鄉鎮市民代表(區域)
R1,R1-10007200-04,彰化縣二林鎮第04選區,鄉鎮市民代表(區域)
R1,R1-10007210-01,彰化縣田尾鄉第01選區,鄉鎮市民代表(區域)
R1,R1-10007210-02,彰化縣田尾鄉第02選區,鄉鎮市民代表(區域)
R1,R1-10007210-03,彰化縣田尾鄉第03選區,鄉鎮市民代表(區域)
R1,R1-10007210-04,彰化縣田尾鄉第04選區,鄉鎮市民代表(區域)
R1,R1-10007220-01,彰化縣埤頭鄉第01選區,鄉鎮市民代表(區域)
R1,R1-10007220-02,彰化縣埤頭鄉第02選區,鄉鎮市民代表(區域)
R1,R1-10007220-03,彰化縣埤頭鄉第03選區,鄉鎮市民代表(區域)
R1,R1-10007220-04,彰化縣埤頭鄉第04選區,鄉鎮市民代表(區域)
R1,R1-10007230-01,彰化縣芳苑鄉第01選區,鄉鎮市民代表(區域)
R1,R1-10007230-02,彰化縣芳苑鄉第02選區,鄉鎮市民代表(區域)
R1,R1-10007230-03,彰化縣芳苑鄉第03選區,鄉鎮市民代表(區域)
R1,R1-10007230-04,彰化縣芳苑鄉第04選區,鄉鎮市民代表(區域)
R1,R1-10007240-01,彰化縣大城鄉第01選區,鄉鎮市民代表(區域)
R1,R1-10007240-02,彰化縣大城鄉第02選區,鄉鎮市民代表(區域)
R1,R1-10007240-03,彰化縣大城鄉第03選區,鄉鎮市民代表(區域)
R1,R1-10007240-04,彰化縣大城鄉第04選區,鄉鎮市民代表(區域)
R1,R1-10007250-01,彰化縣竹塘鄉第01選區,鄉鎮市民代表(區域)
R1,R1-10007250-02,彰化縣竹塘鄉第02選區,鄉鎮市民代表(區域)
R1,R1-10007250-03,彰化縣竹塘鄉第03選區,鄉鎮市民代表(區域)
R1,R1-10007250-04,彰化縣竹塘鄉第04選區,鄉鎮市民代表(區域)
R1,R1-10007260-01,彰化縣溪州鄉第01選區,鄉鎮市民代表(區域)
R1,R1-10007260-02,彰化縣溪州鄉第02選區,鄉鎮市民代表(區域)
R1,R1-10007260-03,彰化縣溪州鄉第03選區,鄉鎮市民代表(區域)
R1,R1-10007260-04,彰化縣溪州鄉第04選區,鄉鎮市民代表(區域)
R1,R1-10008010-01,南投縣南投市第01選區,鄉鎮市民代表(區域)
R1,R1-10008010-02,南投縣南投市第02選區,鄉鎮市民代表(區域)
R1,R1-10008010-03,南投縣南投市第03選區,鄉鎮市民代表(區域)
R1,R1-10008010-04,南投縣南投市第04選區,鄉鎮市民代表(區域)
R1,R1-10008020-01,南投縣埔里鎮第01選區,鄉鎮市民代表(區域)
R1,R1-10008020-02,南投縣埔里鎮第02選區,鄉鎮市民代表(區域)
R1,R1-10008020-03,南投縣埔里鎮第03選區,鄉鎮市民代表(區域)
R1,R1-10008020-04,南投縣埔里鎮第04選區,鄉鎮市民代表(區域)
R1,R1-10008030-01,南投縣草屯鎮第01選區,鄉鎮市民代表(區域)
R1,R1-10008030-02,南投縣草屯鎮第02選區,鄉鎮市民代表(區域)
R1,R1-10008030-03,南投縣草屯鎮第03選區,鄉鎮市民代表(區域)
R1,R1-10008030-04,南投縣草屯鎮第04選區,鄉鎮市民代表(區域)
R1,R1-10008040-01,南投縣竹山鎮第01選區,鄉鎮市民代表(區域)
R1,R1-10008040-02,南投縣竹山鎮第02選區,鄉鎮市民代表(區域)
R1,R1-10008040-03,南投縣竹山鎮第03選區,鄉鎮市民代表(區域)
R1,R1-10008050-01,南投縣集集鎮第01選區,鄉鎮市民代表(區域)
R1,R1-10008050-02,南投縣集集鎮第02選區,鄉鎮市民代表(區域)
R1,R1-10008050-03,南投縣集集鎮第03選區,鄉鎮市民代表(區域)
R1,R1-10008050-04,南投縣集集鎮第04選區,鄉鎮市民代表(區域)
R1,R1-10008060-01,南投縣名間鄉第01選區,鄉鎮市民代表(區域)
R1,R1-10008060-02,南投縣名間鄉第02選區,鄉鎮市民代表(區域)
R1,R1-10008060-03,南投縣名間鄉第03選區,鄉鎮市民代表(區域)
R1,R1-10008060-04,南投縣名間鄉第04選區,鄉鎮市民代表(區域)
R1,R1-10008070-01,南投縣鹿谷鄉第01選區,鄉鎮市民代表(區域)
R1,R1-10008070-02,南投縣鹿谷鄉第02選區,鄉鎮市民代表(區域)
R1,R1-10008070-03,南投縣鹿谷鄉第03選區,鄉鎮市民代表(區域)
R1,R1-10008080-01,南投縣中寮鄉第01選區,鄉鎮市民代表(區域)
R1,R1-10008080-02,南投縣中寮鄉第02選區,鄉鎮市民代表(區域)
R1,R1-10008080-03,南投縣中寮鄉第03選區,鄉鎮市民代表(區域)
R1,R1-10008080-04,南投縣中寮鄉第04選區,鄉鎮市民代表(區域)
R1,R1-10008090-01,南投縣魚池鄉第01選區,鄉鎮市民代表(區域)
R1,R1-10008090-02,南投縣魚池鄉第02選區,鄉鎮市民代表(區域)
R1,R1-10008090-03,南投縣魚池鄉第03選區,鄉鎮市民代表(區域)
R1,R1-10008100-01,南投縣國姓鄉第01選區,鄉鎮市民代表(區域)
R1,R1-10008100-02,南投縣國姓鄉第02選區,鄉鎮市民代表(區域)
R1,R1-10008100-03,南投縣國姓鄉第03選區,鄉鎮市民代表(區域)
R1,R1-10008100-04,南投縣國姓鄉第04選區,鄉鎮市民代表(區域)
R1,R1-10008110-01,南投縣水里鄉第01選區,鄉鎮市民代表(區域)
R1,R1-10008110-02,南投縣水里鄉第02選區,鄉鎮市民代表(區域)
R1,R1-10008110-03,南投縣水里鄉第03選區,鄉鎮市民代表(區域)
R1,R1-10008110-04,南投縣水里鄉第04選區,鄉鎮市民代表(區域)
R1,R1-10008120-01,南投縣信義鄉第01選區,鄉鎮市民代表(區域)
R1,R1-10008120-02,南投縣信義鄉第02選區,鄉鎮市民代表(區域)
R1,R1-10008120-03,南投縣信義鄉第03選區,鄉鎮市民代表(區域)
R1,R1-10008120-04,南投縣信義鄉第04選區,鄉鎮市民代表(區域)
R1,R1-10008130-01,南投縣仁愛鄉第01選區,鄉鎮市民代表(區域)
R1,R1-10008130-02,南投縣仁愛鄉第02選區,鄉鎮市民代表(區域)
R1,R1-10008130-03,南投縣仁愛鄉第03選區,鄉鎮市民代表(區域)
R1,R1-10008130-04,南投縣仁愛鄉第04選區,鄉鎮市民代表(區域)
R1,R1-10009010-01,雲林縣斗六市第01選區,鄉鎮市民代表(區域)
R1,R1-10009010-02,雲林縣斗六市第02選區,鄉鎮市民代表(區域)
R1,R1-10009010-03,雲林縣斗六市第03選區,鄉鎮市民代表(區域)
R1,R1-10009010-04,雲林縣斗六市第04選區,鄉鎮市民代表(區域)
R1,R1-10009020-01,雲林縣斗南鎮第01選區,鄉鎮市民代表(區域)
R1,R1-10009020-02,雲林縣斗南鎮第02選區,鄉鎮市民代表(區域)
R1,R1-10009020-03,雲林縣斗南鎮第03選區,鄉鎮市民代表(區域)
R1,R1-10009020-04,雲林縣斗南鎮第04選區,鄉鎮市民代表(區域)
R1,R1-10009030-01,雲林縣虎尾鎮第01選區,鄉鎮市民代表(區域)
R1,R1-10009030-02,雲林縣虎尾鎮第02選區,鄉鎮市民代表(區域)
R1,R1-10009030-03,雲林縣虎尾鎮第03選區,鄉鎮市民代表(區域)
R1,R1-10009030-04,雲林縣虎尾鎮第04選區,鄉鎮市民代表(區域)
R1,R1-10009040-01,雲林縣西螺鎮第01選區,鄉鎮市民代表(區域)
R1,R1-10009040-02,雲林縣西螺鎮第02選區,鄉鎮市民代表(區域)
R1,R1-10009040-03,雲林縣西螺鎮第03選區,鄉鎮市民代表(區域)
R1,R1-10009040-04,雲林縣西螺鎮第04選區,鄉鎮市民代表(區域)
R1,R1-10009050-01,雲林縣土庫鎮第01選區,鄉鎮市民代表(區域)
R1,R1-10009050-02,雲林縣土庫鎮第02選區,鄉鎮市民代表(區域)
R1,R1-10009050-03,雲林縣土庫鎮第03選區,鄉鎮市民代表(區域)
R1,R1-10009050-04,雲林縣土庫鎮第04選區,鄉鎮市民代表(區域)
R1,R1-10009060-01,雲林縣北港鎮第01選區,鄉鎮市民代表(區域)
R1,R1-10009060-02,雲林縣北港鎮第02選區,鄉鎮市民代表(區域)
R1,R1-10009060-03,雲林縣北港鎮第03選區,鄉鎮市民代表(區域)
R1,R1-10009070-01,雲林縣古坑鄉第01選區,鄉鎮市民代表(區域)
R1,R1-10009070-02,雲林縣古坑鄉第02選區,鄉鎮市民代表(區域)
R1,R1-10009070-03,雲林縣古坑鄉第03選區,鄉鎮市民代表(區域)
R1,R1-10009070-04,雲林縣古坑鄉第04選區,鄉鎮市民代表(區域)
R1,R1-10009080-01,雲林縣大埤鄉第01選區,鄉鎮市民代表(區域)
R1,R1-10009080-02,雲林縣大埤鄉第02選區,鄉鎮市民代表(區域)
R1,R1-10009080-03,雲林縣大埤鄉第03選區,鄉鎮市民代表(區域)
R1,R1-10009080-04,雲林縣大埤鄉第04選區,鄉鎮市民代表(區域)
R1,R1-10009090-01,雲林縣莿桐鄉第01選區,鄉鎮市民代表(區域)
R1,R1-10009090-02,雲林縣莿桐鄉第02選區,鄉鎮市民代表(區域)
R1,R1-10009090-03,雲林縣莿桐鄉第03選區,鄉鎮市民代表(區域)
R1,R1-10009100-01,雲林縣林內鄉第01選區,鄉鎮市民代表(區域)
R1,R1-10009100-02,雲林縣林內鄉第02選區,鄉鎮市民代表(區域)
R1,R1-10009100-03,雲林縣林內鄉第03選區,鄉鎮市民代表(區域)
R1,R1-10009100-04,雲林縣林內鄉第04選區,鄉鎮市民代表(區域)
R1,R1-10009110-01,雲林縣二崙鄉第01選區,鄉鎮市民代表(區域)
R1,R1-10009110-02,雲林縣二崙鄉第02選區,鄉鎮市民代表(區域)
R1,R1-10009110-03,雲林縣二崙鄉第03選區,鄉鎮市民代表(區域)
R1,R1-10009110-04,雲林縣二崙鄉第04選區,鄉鎮市民代表(區域)
R1,R1-10009110-05,雲林縣二崙鄉第05選區,鄉鎮市民代表(區域)
R1,R1-10009120-01,雲林縣崙背鄉第01選區,鄉鎮市民代表(區域)
R1,R1-10009120-02,雲林縣崙背鄉第02選區,鄉鎮市民代表(區域)
R1,R1-10009120-03,雲林縣崙背鄉第03選區,鄉鎮市民代表(區域)
R1,R1-10009120-04,雲林縣崙背鄉第04選區,鄉鎮市民代表(區域)
R1,R1-10009130-01,雲林縣麥寮鄉第01選區,鄉鎮市民代表(區域)
R1,R1-10009130-02,雲林縣麥寮鄉第02選區,鄉鎮市民代表(區域)
R1,R1-10009130-03,雲林縣麥寮鄉第03選區,鄉鎮市民代表(區域)
R1,R1-10009130-04,雲林縣麥寮鄉第04選區,鄉鎮市民代表(區域)
R1,R1-10009140-01,雲林縣東勢鄉第01選區,鄉鎮市民代表(區域)
R1,R1-10009140-02,雲林縣東勢鄉第02選區,鄉鎮市民代表(區域)
R1,R1-10009140-03,雲林縣東勢鄉第03選區,鄉鎮市民代表(區域)
R1,R1-10009140-04,雲林縣東勢鄉第04選區,鄉鎮市民代表(區域)
R1,R1-10009150-01,雲林縣褒忠鄉第01選區,鄉鎮市民代表(區域)
R1,R1-10009150-02,雲林縣褒忠鄉第02選區,鄉鎮市民代表(區域)
R1,R1-10009150-03,雲林縣褒忠鄉第03選區,鄉鎮市民代表(區域)
R1,R1-10009150-04,雲林縣褒忠鄉第04選區,鄉鎮市民代表(區域)
R1,R1-10009160-01,雲林縣臺西鄉第01選區,鄉鎮市民代表(區域)
R1,R1-10009160-02,雲林縣臺西鄉第02選區,鄉鎮市民代表(區域)
R1,R1-10009160-03,雲林縣臺西鄉第03選區,鄉鎮市民代表(區域)
R1,R1-10009160-04,雲林縣臺西鄉第04選區,鄉鎮市民代表(區域)
R1,R1-10009170-01,雲林縣元長鄉第01選區,鄉鎮市民代表(區域)
R1,R1-10009170-02,雲林縣元長鄉第02選區,鄉鎮市民代表(區域)
R1,R1-10009170-03,雲林縣元長鄉第03選區,鄉鎮市民代表(區域)
R1,R1-10009180-01,雲林縣四湖鄉第01選區,鄉鎮市民代表(區域)
R1,R1-10009180-02,雲林縣四湖鄉第02選區,鄉鎮市民代表(區域)
R1,R1-10009180-03,雲林縣四湖鄉第03選區,鄉鎮市民代表(區域)
R1,R1-10009180-04,雲林縣四湖鄉第04選區,鄉鎮市民代表(區域)
R1,R1-10009190-01,雲林縣口湖鄉第01選區,鄉鎮市民代表(區域)
R1,R1-10009190-02,雲林縣口湖鄉第02選區,鄉鎮市民代表(區域)
R1,R1-10009190-03,雲林縣口湖鄉第03選區,鄉鎮市民代表(區域)
R1,R1-10009190-04,雲林縣口湖鄉第04選區,鄉鎮市民代表(區域)
R1,R1-10009200-01,雲林縣水林鄉第01選區,鄉鎮市民代表(區域)
R1,R1-10009200-02,雲林縣水林鄉第02選區,鄉鎮市民代表(區域)
R1,R1-10009200-03,雲林縣水林鄉第03選區,鄉鎮市民代表(區域)
R1,R1-10009200-04,雲林縣水林鄉第04選區,鄉鎮市民代表(區域)
R1,R1-10010010-01,嘉義縣太保市第01選區,鄉鎮市民代表(區域)
R1,R1-10010010-02,嘉義縣太保市第02選區,鄉鎮市民代表(區域)
R1,R1-10010010-03,嘉義縣太保市第03選區,鄉鎮市民代表(區域)
R1,R1-10010020-01,嘉義縣朴子市第01選區,鄉鎮市民代表(區域)
R1,R1-10010020-02,嘉義縣朴子市第02選區,鄉鎮市民代表(區域)
R1,R1-10010020-03,嘉義縣朴子市第03選區,鄉鎮市民代表(區域)
R1,R1-10010030-01,嘉義縣布袋鎮第01選區,鄉鎮市民代表(區域)
R1,R1-10010030-02,嘉義縣布袋鎮第02選區,鄉鎮市民代表(區域)
R1,R1-10010030-03,嘉義縣布袋鎮第03選區,鄉鎮市民代表(區域)
R1,R1-10010040-01,嘉義縣大林鎮第01選區,鄉鎮市民代表(區域)
R1,R1-10010040-02,嘉義縣大林鎮第02選區,鄉鎮市民代表(區域)
R1,R1-10010050-01,嘉義縣民雄鄉第01選區,鄉鎮市民代表(區域)
R1,R1-10010050-02,嘉義縣民雄鄉第02選區,鄉鎮市民代表(區域)
R1,R1-10010050-03,嘉義縣民雄鄉第03選區,鄉鎮市民代表(區域)
R1,R1-10010060-01,嘉義縣溪口鄉第01選區,鄉鎮市民代表(區域)
R1,R1-10010060-02,嘉義縣溪口鄉第02選區,鄉鎮市民代表(區域)
R1,R1-10010070-01,嘉義縣新港鄉第01選區,鄉鎮市民代表(區域)
R1,R1-10010070-02,嘉義縣新港鄉第02選區,鄉鎮市民代表(區域)
R1,R1-10010080-01,嘉義縣六腳鄉第01選區,鄉鎮市民代表(區域)
R1,R1-10010080-02,嘉義縣六腳鄉第02選區,鄉鎮市民代表(區域)
R1,R1-10010080-03,嘉義縣六腳鄉第03選區,鄉鎮市民代表(區域)
R1,R1-10010090-01,嘉義縣東石鄉第01選區,鄉鎮市民代表(區域)
R1,R1-10010090-02,嘉義縣東石鄉第02選區,鄉鎮市民代表(區域)
R1,R1-10010090-03,嘉義縣東石鄉第03選區,鄉鎮市民代表(區域)
R1,R1-10010100-01,嘉義縣義竹鄉第01選區,鄉鎮市民代表(區域)
R1,R1-10010100-02,嘉義縣義竹鄉第02選區,鄉鎮市民代表(區域)
R1,R1-10010110-01,嘉義縣鹿草鄉第01選區,鄉鎮市民代表(區域)
R1,R1-10010110-02,嘉義縣鹿草鄉第02選區,鄉鎮市民代表(區域)
R1,R1-10010110-03,嘉義縣鹿草鄉第03選區,鄉鎮市民代表(區域)
R1,R1-10010120-01,嘉義縣水上鄉第01選區,鄉鎮市民代表(區域)
R1,R1-10010120-02,嘉義縣水上鄉第02選區,鄉鎮市民代表(區域)
R1,R1-10010120-03,嘉義縣水上鄉第03選區,鄉鎮市民代表(區域)
R1,R1-10010130-01,嘉義縣中埔鄉第01選區,鄉鎮市民代表(區域)
R1,R1-10010130-02,嘉義縣中埔鄉第02選區,鄉鎮市民代表(區域)
R1,R1-10010130-03,嘉義縣中埔鄉第03選區,鄉鎮市民代表(區域)
R1,R1-10010140-01,嘉義縣竹崎鄉第01選區,鄉鎮市民代表(區域)
R1,R1-10010140-02,嘉義縣竹崎鄉第02選區,鄉鎮市民代表(區域)
R1,R1-10010140-03,嘉義縣竹崎鄉第03選區,鄉鎮市民代表(區域)
R1,R1-10010150-01,嘉義縣梅山鄉第01選區,鄉鎮市民代表(區域)
R1,R1-10010150-02,嘉義縣梅山鄉第02選區,鄉鎮市民代表(區域)
R1,R1-10010150-03,嘉義縣梅山鄉第03選區,鄉鎮市民代表(區域)
R1,R1-10010160-01,嘉義縣番路鄉第01選區,鄉鎮市民代表(區域)
R1,R1-10010160-02,嘉義縣番路鄉第02選區,鄉鎮市民代表(區域)
R1,R1-10010170-01,嘉義縣大埔鄉第01選區,鄉鎮市民代表(區域)
R1,R1-10010170-02,嘉義縣大埔鄉第02選區,鄉鎮市民代表(區域)
R1,R1-10010180-01,嘉義縣阿里山鄉第01選區,鄉鎮市民代表(區域)
R1,R1-10010180-02,嘉義縣阿里山鄉第02選區,鄉鎮市民代表(區域)
R1,R1-10010180-03,嘉義縣阿里山鄉第03選區,鄉鎮市民代表(區域)
R1,R1-10013010-01,屏東縣屏東市第01選區,鄉鎮市民代表(區域)
R1,R1-10013010-02,屏東縣屏東市第02選區,鄉鎮市民代表(區域)
R1,R1-10013010-03,屏東縣屏東市第03選區,鄉鎮市民代表(區域)
R1,R1-10013010-04,屏東縣屏東市第04選區,鄉鎮市民代表(區域)
R1,R1-10013020-01,屏東縣潮州鎮第01選區,鄉鎮市民代表(區域)
R1,R1-10013020-02,屏東縣潮州鎮第02選區,鄉鎮市民代表(區域)
R1,R1-10013020-03,屏東縣潮州鎮第03選區,鄉鎮市民代表(區域)
R1,R1-10013030-01,屏東縣東港鎮第01選區,鄉鎮市民代表(區域)
R1,R1-10013030-02,屏東縣東港鎮第02選區,鄉鎮市民代表(區域)
R1,R1-10013030-03,屏東縣東港鎮第03選區,鄉鎮市民代表(區域)
R1,R1-10013030-04,屏東縣東港鎮第04選區,鄉鎮市民代表(區域)
R1,R1-10013040-01,屏東縣恆春鎮第01選區,鄉鎮市民代表(區域)
R1,R1-10013040-02,屏東縣恆春鎮第02選區,鄉鎮市民代表(區域)
R1,R1-10013040-03,屏東縣恆春鎮第03選區,鄉鎮市民代表(區域)
R1,R1-10013040-04,屏東縣恆春鎮第04選區,鄉鎮市民代表(區域)
R1,R1-10013050-01,屏東縣萬丹鄉第01選區,鄉鎮市民代表(區域)
R1,R1-10013050-02,屏東縣萬丹鄉第02選區,鄉鎮市民代表(區域)
R1,R1-10013050-03,屏東縣萬丹鄉第03選區,鄉鎮市民代表(區域)
R1,R1-10013050-04,屏東縣萬丹鄉第04選區,鄉鎮市民代表(區域)
R1,R1-10013060-01,屏東縣長治鄉第01選區,鄉鎮市民代表(區域)
R1,R1-10013060-02,屏東縣長治鄉第02選區,鄉鎮市民代表(區域)
R1,R1-10013060-03,屏東縣長治鄉第03選區,鄉鎮市民代表(區域)
R1,R1-10013070-01,屏東縣麟洛鄉第01選區,鄉鎮市民代表(區域)
R1,R1-10013070-02,屏東縣麟洛鄉第02選區,鄉鎮市民代表(區域)
R1,R1-10013070-03,屏東縣麟洛鄉第03選區,鄉鎮市民代表(區域)
R1,R1-10013070-04,屏東縣麟洛鄉第04選區,鄉鎮市民代表(區域)
R1,R1-10013080-01,屏東縣九如鄉第01選區,鄉鎮市民代表(區域)
R1,R1-10013080-02,屏東縣九如鄉第02選區,鄉鎮市民代表(區域)
R1,R1-10013080-03,屏東縣九如鄉第03選區,鄉鎮市民代表(區域)
R1,R1-10013080-04,屏東縣九如鄉第04選區,鄉鎮市民代表(區域)
R1,R1-10013090-01,屏東縣里港鄉第01選區,鄉鎮市民代表(區域)
R1,R1-10013090-02,屏東縣里港鄉第02選區,鄉鎮市民代表(區域)
R1,R1-10013090-03,屏東縣里港鄉第03選區,鄉鎮市民代表(區域)
R1,R1-10013090-04,屏東縣里港鄉第04選區,鄉鎮市民代表(區域)
R1,R1-10013100-01,屏東縣鹽埔鄉第01選區,鄉鎮市民代表(區域)
R1,R1-10013100-02,屏東縣鹽埔鄉第02選區,鄉鎮市民代表(區域)
R1,R1-10013100-03,屏東縣鹽埔鄉第03選區,鄉鎮市民代表(區域)
R1,R1-10013100-04,屏東縣鹽埔鄉第04選區,鄉鎮市民代表(區域)
R1,R1-10013110-01,屏東縣高樹鄉第01選區,鄉鎮市民代表(區域)
R1,R1-10013110-02,屏東縣高樹鄉第02選區,鄉鎮市民代表(區域)
R1,R1-10013110-03,屏東縣高樹鄉第03選區,鄉鎮市民代表(區域)
R1,R1-10013110-04,屏東縣高樹鄉第04選區,鄉鎮市民代表(區域)
R1,R1-10013120-01,屏東縣萬巒鄉第01選區,鄉鎮市民代表(區域)
R1,R1-10013120-02,屏東縣萬巒鄉第02選區,鄉鎮市民代表(區域)
R1,R1-10013120-03,屏東縣萬巒鄉第03選區,鄉鎮市民代表(區域)
R1,R1-10013120-04,屏東縣萬巒鄉第04選區,鄉鎮市民代表(區域)
R1,R1-10013130-01,屏東縣內埔鄉第01選區,鄉鎮市民代表(區域)
R1,R1-10013130-02,屏東縣內埔鄉第02選區,鄉鎮市民代表(區域)
R1,R1-10013130-03,屏東縣內埔鄉第03選區,鄉鎮市民代表(區域)
R1,R1-10013130-04,屏東縣內埔鄉第04選區,鄉鎮市民代表(區域)
R1,R1-10013140-01,屏東縣竹田鄉第01選區,鄉鎮市民代表(區域)
R1,R1-10013140-02,屏東縣竹田鄉第02選區,鄉鎮市民代表(區域)
R1,R1-10013140-03,屏東縣竹田鄉第03選區,鄉鎮市民代表(區域)
R1,R1-10013150-01,屏東縣新埤鄉第01選區,鄉鎮市民代表(區域)
R1,R1-10013150-02,屏東縣新埤鄉第02選區,鄉鎮市民代表(區域)
R1,R1-10013160-01,屏東縣枋寮鄉第01選區,鄉鎮市民代表(區域)
R1,R1-10013160-02,屏東縣枋寮鄉第02選區,鄉鎮市民代表(區域)
R1,R1-10013160-03,屏東縣枋寮鄉第03選區,鄉鎮市民代表(區域)
R1,R1-10013170-01,屏東縣新園鄉第01選區,鄉鎮市民代表(區域)
R1,R1-10013170-02,屏東縣新園鄉第02選區,鄉鎮市民代表(區域)
R1,R1-10013170-03,屏東縣新園鄉第03選區,鄉鎮市民代表(區域)
R1,R1-10013170-04,屏東縣新園鄉第04選區,鄉鎮市民代表(區域)
R1,R1-10013180-01,屏東縣崁頂鄉第01選區,鄉鎮市民代表(區域)
R1,R1-10013180-02,屏東縣崁頂鄉第02選區,鄉鎮市民代表(區域)
R1,R1-10013180-03,屏東縣崁頂鄉第03選區,鄉鎮市民代表(區域)
R1,R1-10013180-04,屏東縣崁頂鄉第04選區,鄉鎮市民代表(區域)
R1,R1-10013190-01,屏東縣林邊鄉第01選區,鄉鎮市民代表(區域)
R1,R1-10013190-02,屏東縣林邊鄉第02選區,鄉鎮市民代表(區域)
R1,R1-10013190-03,屏東縣林邊鄉第03選區,鄉鎮市民代表(區域)
R1,R1-10013200-01,屏東縣南州鄉第01選區,鄉鎮市民代表(區域)
R1,R1-10013200-02,屏東縣南州鄉第02選區,鄉鎮市民代表(區域)
R1,R1-10013200-03,屏東縣南州鄉第03選區,鄉鎮市民代表(區域)
R1,R1-10013200-04,屏東縣南州鄉第04選區,鄉鎮市民代表(區域)
R1,R1-10013210-01,屏東縣佳冬鄉第01選區,鄉鎮市民代表(區域)
R1,R1-10013210-02,屏東縣佳冬鄉第02選區,鄉鎮市民代表(區域)
R1,R1-10013210-03,屏東縣佳冬鄉第03選區,鄉鎮市民代表(區域)
R1,R1-10013210-04,屏東縣佳冬鄉第04選區,鄉鎮市民代表(區域)
R1,R1-10013220-01,屏東縣琉球鄉第01選區,鄉鎮市民代表(區域)
R1,R1-10013220-02,屏東縣琉球鄉第02選區,鄉鎮市民代表(區域)
R1,R1-10013220-03,屏東縣琉球鄉第03選區,鄉鎮市民代表(區域)
R1,R1-10013220-04,屏東縣琉球鄉第04選區,鄉鎮市民代表(區域)
R1,R1-10013230-01,屏東縣車城鄉第01選區,鄉鎮市民代表(區域)
R1,R1-10013230-02,屏東縣車城鄉第02選區,鄉鎮市民代表(區域)
R1,R1-10013230-03,屏東縣車城鄉第03選區,鄉鎮市民代表(區域)
R1,R1-10013230-04,屏東縣車城鄉第04選區,鄉鎮市民代表(區域)
R1,R1-10013240-01,屏東縣滿州鄉第01選區,鄉鎮市民代表(區域)
R1,R1-10013240-02,屏東縣滿州鄉第02選區,鄉鎮市民代表(區域)
R1,R1-10013240-03,屏東縣滿州鄉第03選區,鄉鎮市民代表(區域)
R1,R1-10013250-01,屏東縣枋山鄉第01選區,鄉鎮市民代表(區域)
R1,R1-10013250-02,屏東縣枋山鄉第02選區,鄉鎮市民代表(區域)
R1,R1-10013250-03,屏東縣枋山鄉第03選區,鄉鎮市民代表(區域)
R1,R1-10013260-01,屏東縣三地門鄉第01選區,鄉鎮市民代表(區域)
R1,R1-10013260-02,屏東縣三地門鄉第02選區,鄉鎮市民代表(區域)
R1,R1-10013270-01,屏東縣霧臺鄉第01選區,鄉鎮市民代表(區域)
R1,R1-10013270-02,屏東縣霧臺鄉第02選區,鄉鎮市民代表(區域)
R1,R1-10013280-01,屏東縣瑪家鄉第01選區,鄉鎮市民代表(區域)
R1,R1-10013280-02,屏東縣瑪家鄉第02選區,鄉鎮市民代表(區域)
R1,R1-10013290-01,屏東縣泰武鄉第01選區,鄉鎮市民代表(區域)
R1,R1-10013290-02,屏東縣泰武鄉第02選區,鄉鎮市民代表(區域)
R1,R1-10013300-01,屏東縣來義鄉第01選區,鄉鎮市民代表(區域)
R1,R1-10013300-02,屏東縣來義鄉第02選區,鄉鎮市民代表(區域)
R1,R1-10013310-01,屏東縣春日鄉第01選區,鄉鎮市民代表(區域)
R1,R1-10013310-02,屏東縣春日鄉第02選區,鄉鎮市民代表(區域)
R1,R1-10013320-01,屏東縣獅子鄉第01選區,鄉鎮市民代表(區域)
R1,R1-10013320-02,屏東縣獅子鄉第02選區,鄉鎮市民代表(區域)
R1,R1-10013330-01,屏東縣牡丹鄉第01選區,鄉鎮市民代表(區域)
R1,R1-10013330-02,屏東縣牡丹鄉第02選區,鄉鎮市民代表(區域)
R1,R1-10014010-01,臺東縣臺東市第01選區,鄉鎮市民代表(區域)
R1,R1-10014010-02,臺東縣臺東市第02選區,鄉鎮市民代表(區域)
R1,R1-10014010-03,臺東縣臺東市第03選區,鄉鎮市民代表(區域)
R1,R1-10014010-04,臺東縣臺東市第04選區,鄉鎮市民代表(區域)
R1,R1-10014020-01,臺東縣成功鎮第01選區,鄉鎮市民代表(區域)
R1,R1-10014030-01,臺東縣關山鎮第01選區,鄉鎮市民代表(區域)
R1,R1-10014030-02,臺東縣關山鎮第02選區,鄉鎮市民代表(區域)
R1,R1-10014030-03,臺東縣關山鎮第03選區,鄉鎮市民代表(區域)
R1,R1-10014040-01,臺東縣卑南鄉第01選區,鄉鎮市民代表(區域)
R1,R1-10014040-02,臺東縣卑南鄉第02選區,鄉鎮市民代表(區域)
R1,R1-10014050-01,臺東縣鹿野鄉第01選區,鄉鎮市民代表(區域)
R1,R1-10014050-02,臺東縣鹿野鄉第02選區,鄉鎮市民代表(區域)
R1,R1-10014060-01,臺東縣池上鄉第01選區,鄉鎮市民代表(區域)
R1,R1-10014060-02,臺東縣池上鄉第02選區,鄉鎮市民代表(區域)
R1,R1-10014060-03,臺東縣池上鄉第03選區,鄉鎮市民代表(區域)
R1,R1-10014070-01,臺東縣東河鄉第01選區,鄉鎮市民代表(區域)
R1,R1-10014080-01,臺東縣長濱鄉第01選區,鄉鎮市民代表(區域)
R1,R1-10014090-01,臺東縣太麻里鄉第01選區,鄉鎮市民代表(區域)
R1,R1-10014090-02,臺東縣太麻里鄉第02選區,鄉鎮市民代表(區域)
R1,R1-10014100-01,臺東縣大武鄉第01選區,鄉鎮市民代表(區域)
R1,R1-10014110-01,臺東縣綠島鄉第01選區,鄉鎮市民代表(區域)
R1,R1-10014110-02,臺東縣綠島鄉第02選區,鄉鎮市民代表(區域)
R1,R1-10014110-03,臺東縣綠島鄉第03選區,鄉鎮市民代表(區域)
R1,R1-10014120-01,臺東縣海端鄉第01選區,鄉鎮市民代表(區域)
R1,R1-10014120-02,臺東縣海端鄉第02選區,鄉鎮市民代表(區域)
R1,R1-10014120-03,臺東縣海端鄉第03選區,鄉鎮市民代表(區域)
R1,R1-10014130-01,臺東縣延平鄉第01選區,鄉鎮市民代表(區域)
R1,R1-10014130-02,臺東縣延平鄉第02選區,鄉鎮市民代表(區域)
R1,R1-10014130-03,臺東縣延平鄉第03選區,鄉鎮市民代表(區域)
R1,R1-10014140-01,臺東縣金峰鄉第01選區,鄉鎮市民代表(區域)
R1,R1-10014140-02,臺東縣金峰鄉第02選區,鄉鎮市民代表(區域)
R1,R1-10014140-03,臺東縣金峰鄉第03選區,鄉鎮市民代表(區域)
R1,R1-10014150-01,臺東縣達仁鄉第01選區,鄉鎮市民代表(區域)
R1,R1-10014150-02,臺東縣達仁鄉第02選區,鄉鎮市民代表(區域)
R1,R1-10014150-03,臺東縣達仁鄉第03選區,鄉鎮市民代表(區域)
R1,R1-10014160-01,臺東縣蘭嶼鄉第01選區,鄉鎮市民代表(區域)
R1,R1-10015010-01,花蓮縣花蓮市第01選區,鄉鎮市民代表(區域)
R1,R1-10015010-02,花蓮縣花蓮市第02選區,鄉鎮市民代表(區域)
R1,R1-10015010-03,花蓮縣花蓮市第03選區,鄉鎮市民代表(區域)
R1,R1-10015010-04,花蓮縣花蓮市第04選區,鄉鎮市民代表(區域)
R1,R1-10015020-01,花蓮縣鳳林鎮第01選區,鄉鎮市民代表(區域)
R1,R1-10015020-02,花蓮縣鳳林鎮第02選區,鄉鎮市民代表(區域)
R1,R1-10015020-03,花蓮縣鳳林鎮第03選區,鄉鎮市民代表(區域)
R1,R1-10015030-01,花蓮縣玉里鎮第01選區,鄉鎮市民代表(區域)
R1,R1-10015030-02,花蓮縣玉里鎮第02選區,鄉鎮市民代表(區域)
R1,R1-10015040-01,花蓮縣新城鄉第01選區,鄉鎮市民代表(區域)
R1,R1-10015040-02,花蓮縣新城鄉第02選區,鄉鎮市民代表(區域)
R1,R1-10015040-03,花蓮縣新城鄉第03選區,鄉鎮市民代表(區域)
R1,R1-10015050-01,花蓮縣吉安鄉第01選區,鄉鎮市民代表(區域)
R1,R1-10015050-02,花蓮縣吉安鄉第02選區,鄉鎮市民代表(區域)
R1,R1-10015050-03,花蓮縣吉安鄉第03選區,鄉鎮市民代表(區域)
R1,R1-10015060-01,花蓮縣壽豐鄉第01選區,鄉鎮市民代表(區域)
R1,R1-10015060-02,花蓮縣壽豐鄉第02選區,鄉鎮市民代表(區域)
R1,R1-10015060-03,花蓮縣壽豐鄉第03選區,鄉鎮市民代表(區域)
R1,R1-10015070-01,花蓮縣光復鄉第01選區,鄉鎮市民代表(區域)
R1,R1-10015070-02,花蓮縣光復鄉第02選區,鄉鎮市民代表(區域)
R1,R1-10015080-01,花蓮縣豐濱鄉第01選區,鄉鎮市民代表(區域)
R1,R1-10015090-01,花蓮縣瑞穗鄉第01選區,鄉鎮市民代表(區域)
R1,R1-10015090-02,花蓮縣瑞穗鄉第02選區,鄉鎮市民代表(區域)
R1,R1-10015100-01,花蓮縣富里鄉第01選區,鄉鎮市民代表(區域)
R1,R1-10015100-02,花蓮縣富里鄉第02選區,鄉鎮市民代表(區域)
R1,R1-10015110-01,花蓮縣秀林鄉第01選區,鄉鎮市民代表(區域)
R1,R1-10015110-02,花蓮縣秀林鄉第02選區,鄉鎮市民代表(區域)
R1,R1-10015110-03,花蓮縣秀林鄉第03選區,鄉鎮市民代表(區域)
R1,R1-10015120-01,花蓮縣萬榮鄉第01選區,鄉鎮市民代表(區域)
R1,R1-10015120-02,花蓮縣萬榮鄉第02選區,鄉鎮市民代表(區域)
R1,R1-10015120-03,花蓮縣萬榮鄉第03選區,鄉鎮市民代表(區域)
R1,R1-10015130-01,花蓮縣卓溪鄉第01選區,鄉鎮市民代表(區域)
R1,R1-10015130-02,花蓮縣卓溪鄉第02選區,鄉鎮市民代表(區域)
R1,R1-10016010-01,澎湖縣馬公市第01選區,鄉鎮市民代表(區域)
R1,R1-10016010-02,澎湖縣馬公市第02選區,鄉鎮市民代表(區域)
R1,R1-10016010-03,澎湖縣馬公市第03選區,鄉鎮市民代表(區域)
R1,R1-10016010-04,澎湖縣馬公市第04選區,鄉鎮市民代表(區域)
R1,R1-10016020-01,澎湖縣湖西鄉第01選區,鄉鎮市民代表(區域)
R1,R1-10016020-02,澎湖縣湖西鄉第02選區,鄉鎮市民代表(區域)
R1,R1-10016020-03,澎湖縣湖西鄉第03選區,鄉鎮市民代表(區域)
R1,R1-10016030-01,澎湖縣白沙鄉第01選區,鄉鎮市民代表(區域)
R1,R1-10016030-02,澎湖縣白沙鄉第02選區,鄉鎮市民代表(區域)
R1,R1-10016030-03,澎湖縣白沙鄉第03選區,鄉鎮市民代表(區域)
R1,R1-10016030-04,澎湖縣白沙鄉第04選區,鄉鎮市民代表(區域)
R1,R1-10016040-01,澎湖縣西嶼鄉第01選區,鄉鎮市民代表(區域)
R1,R1-10016040-02,澎湖縣西嶼鄉第02選區,鄉鎮市民代表(區域)
R1,R1-10016040-03,澎湖縣西嶼鄉第03選區,鄉鎮市民代表(區域)
R1,R1-10016050-01,澎湖縣望安鄉第01選區,鄉鎮市民代表(區域)
R1,R1-10016050-02,澎湖縣望安鄉第02選區,鄉鎮市民代表(區域)
R1,R1-10016050-03,澎湖縣望安鄉第03選區,鄉鎮市民代表(區域)
R1,R1-10016060-01,澎湖縣七美鄉第01選區,鄉鎮市民代表(區域)
R1,R1-10016060-02,澎湖縣七美鄉第02選區,鄉鎮市民代表(區域)
R1,R1-10016060-03,澎湖縣七美鄉第03選區,鄉鎮市民代表(區域)
R2,R2-10005110-04,苗栗縣南庄鄉第04選區,鄉鎮市民代表(平原原住民)
R2,R2-10013240-04,屏東縣滿州鄉第04選區,鄉鎮市民代表(平原原住民)
R2,R2-10014010-05,臺東縣臺東市第05選區,鄉鎮市民代表(平原原住民)
R2,R2-10014020-02,臺東縣成功鎮第02選區,鄉鎮市民代表(平原原住民)
R2,R2-10014030-04,臺東縣關山鎮第04選區,鄉鎮市民代表(平原原住民)
R2,R2-10014040-03,臺東縣卑南鄉第03選區,鄉鎮市民代表(平原原住民)
R2,R2-10014050-03,臺東縣鹿野鄉第03選區,鄉鎮市民代表(平原原住民)
R2,R2-10014060-04,臺東縣池上鄉第04選區,鄉鎮市民代表(平原原住民)
R2,R2-10014070-02,臺東縣東河鄉第02選區,鄉鎮市民代表(平原原住民)
R2,R2-10014080-02,臺東縣長濱鄉第02選區,鄉鎮市民代表(平原原住民)
R2,R2-10014090-03,臺東縣太麻里鄉第03選區,鄉鎮市民代表(平原原住民)
R2,R2-10014090-04,臺東縣太麻里鄉第04選區,鄉鎮市民代表(平原原住民)
R2,R2-10014100-02,臺東縣大武鄉第02選區,鄉鎮市民代表(平原原住民)
R2,R2-10014140-04,臺東縣金峰鄉第04選區,鄉鎮市民代表(平原原住民)
R2,R2-10015010-05,花蓮縣花蓮市第05選區,鄉鎮市民代表(平原原住民)
R2,R2-10015020-04,花蓮縣鳳林鎮第04選區,鄉鎮市民代表(平原原住民)
R2,R2-10015030-03,花蓮縣玉里鎮第03選區,鄉鎮市民代表(平原原住民)
R2,R2-10015030-04,花蓮縣玉里鎮第04選區,鄉鎮市民代表(平原原住民)
R2,R2-10015040-04,花蓮縣新城鄉第04選區,鄉鎮市民代表(平原原住民)
R2,R2-10015050-04,花蓮縣吉安鄉第04選區,鄉鎮市民代表(平原原住民)
R2,R2-10015060-04,花蓮縣壽豐鄉第04選區,鄉鎮市民代表(平原原住民)
R2,R2-10015070-03,花蓮縣光復鄉第03選區,鄉鎮市民代表(平原原住民)
R2,R2-10015070-04,花蓮縣光復鄉第04選區,鄉鎮市民代表(平原原住民)
R2,R2-10015080-02,花蓮縣豐濱鄉第02選區,鄉鎮市民代表(平原原住民)
R2,R2-10015090-03,花蓮縣瑞穗鄉第03選區,鄉鎮市民代表(平原原住民)
R2,R2-10015100-03,花蓮縣富里鄉第03選區,鄉鎮市民代表(平原原住民)
R2,R2-10015110-04,花蓮縣秀林鄉第04選區,鄉鎮市民代表(平原原住民)
R3,R3-64000360-01,高雄市茂林區第01選區,直轄市原住民區民代表
R3,R3-64000360-02,高雄市茂林區第02選區,直轄市原住民區民代表
R3,R3-64000370-01,高雄市桃源區第01選區,直轄市原住民區民代表
R3,R3-64000370-02,高雄市桃源區第02選區,直轄市原住民區民代表
R3,R3-64000380-01,高雄市那瑪夏區第01選區,直轄市原住民區民代表
R3,R3-64000380-02,高雄市那瑪夏區第02選區,直轄市原住民區民代表
R3,R3-65000290-01,新北市烏來區第01選區,直轄市原住民區民代表
R3,R3-65000290-02,新北市烏來區第02選區,直轄市原住民區民代表
R3,R3-65000290-03,新北市烏來區第03選區,直轄市原住民區民代表
R3,R3-65000290-04,新北市烏來區第04選區,直轄市原住民區民代表
R3,R3-66000290-01,臺中市和平區第01選區,直轄市原住民區民代表
R3,R3-66000290-02,臺中市和平區第02選區,直轄市原住民區民代表
R3,R3-66000290-03,臺中市和平區第03選區,直轄市原住民區民代表
R3,R3-68000130-01,桃園市復興區第01選區,直轄市原住民區民代表
R3,R3-68000130-02,桃園市復興區第02選區,直轄市原住民區民代表
R3,R3-68000130-03,桃園市復興區第03選區,直轄市原住民區民代表
T1,T1-09007-01,連江縣第01選區,議員(區域)
T1,T1-09007-02,連江縣第02選區,議員(區域)
T1,T1-09007-03,連江縣第03選區,議員(區域)
T1,T1-09007-04,連江縣第04選區,議員(區域)
T1,T1-09020-01,金門縣第01選區,議員(區域)
T1,T1-09020-02,金門縣第02選區,議員(區域)
T1,T1-09020-03,金門縣第03選區,議員(區域)
T1,T1-10002-01,宜蘭縣第01選區,議員(區域)
T1,T1-10002-02,宜蘭縣第02選區,議員(區域)
T1,T1-10002-03,宜蘭縣第03選區,議員(區域)
T1,T1-10002-04,宜蘭縣第04選區,議員(區域)
T1,T1-10002-05,宜蘭縣第05選區,議員(區域)
T1,T1-10002-06,宜蘭縣第06選區,議員(區域)
T1,T1-10002-07,宜蘭縣第07選區,議員(區域)
T1,T1-10002-08,宜蘭縣第08選區,議員(區域)
T1,T1-10002-09,宜蘭縣第09選區,議員(區域)
T1,T1-10002-10,宜蘭縣第10選區,議員(區域)
T1,T1-10004-01,新竹縣第01選區,議員(區域)
T1,T1-10004-02,新竹縣第02選區,議員(區域)
T1,T1-10004-03,新竹縣第03選區,議員(區域)
T1,T1-10004-04,新竹縣第04選區,議員(區域)
T1,T1-10004-05,新竹縣第05選區,議員(區域)
T1,T1-10004-06,新竹縣第06選區,議員(區域)
T1,T1-10004-07,新竹縣第07選區,議員(區域)
T1,T1-10004-08,新竹縣第08選區,議員(區域)
T1,T1-10004-09,新竹縣第09選區,議員(區域)
T1,T1-10004-10,新竹縣第10選區,議員(區域)
T1,T1-10004-11,新竹縣第11選區,議員(區域)
T1,T1-10005-01,苗栗縣第01選區,議員(區域)
T1,T1-10005-02,苗栗縣第02選區,議員(區域)
T1,T1-10005-03,苗栗縣第03選區,議員(區域)
T1,T1-10005-04,苗栗縣第04選區,議員(區域)
T1,T1-10005-05,苗栗縣第05選區,議員(區域)
T1,T1-10005-06,苗栗縣第06選區,議員(區域)
T1,T1-10007-01,彰化縣第01選區,議員(區域)
T1,T1-10007-02,彰化縣第02選區,議員(區域)
T1,T1-10007-03,彰化縣第03選區,議員(區域)
T1,T1-10007-04,彰化縣第04選區,議員(區域)
T1,T1-10007-05,彰化縣第05選區,議員(區域)
T1,T1-10007-06,彰化縣第06選區,議員(區域)
T1,T1-10007-07,彰化縣第07選區,議員(區域)
T1,T1-10007-08,彰化縣第08選區,議員(區域)
T1,T1-10008-01,南投縣第01選區,議員(區域)
T1,T1-10008-02,南投縣第02選區,議員(區域)
T1,T1-10008-03,南投縣第03選區,議員(區域)
T1,T1-10008-04,南投縣第04選區,議員(區域)
T1,T1-10008-05,南投縣第05選區,議員(區域)
T1,T1-10009-01,雲林縣第01選區,議員(區域)
T1,T1-10009-02,雲林縣第02選區,議員(區域)
T1,T1-10009-03,雲林縣第03選區,議員(區域)
T1,T1-10009-04,雲林縣第04選區,議員(區域)
T1,T1-10009-05,雲林縣第05選區,議員(區域)
T1,T1-10009-06,雲林縣第06選區,議員(區域)
T1,T1-10010-01,嘉義縣第01選區,議員(區域)
T1,T1-10010-02,嘉義縣第02選區,議員(區域)
T1,T1-10010-03,嘉義縣第03選區,議員(區域)
T1,T1-10010-04,嘉義縣第04選區,議員(區域)
T1,T1-10010-05,嘉義縣第05選區,議員(區域)
T1,T1-10010-06,嘉義縣第06選區,議員(區域)
T1,T1-10013-01,屏東縣第01選區,議員(區域)
T1,T1-10013-02,屏東縣第02選區,議員(區域)
T1,T1-10013-03,屏東縣第03選區,議員(區域)
T1,T1-10013-04,屏東縣第04選區,議員(區域)
T1,T1-10013-05,屏東縣第05選區,議員(區域)
T1,T1-10013-06,屏東縣第06選區,議員(區域)
T1,T1-10013-07,屏東縣第07選區,議員(區域)
T1,T1-10014-01,臺東縣第01選區,議員(區域)
T1,T1-10014-02,臺東縣第02選區,議員(區域)
T1,T1-10014-03,臺東縣第03選區,議員(區域)
T1,T1-10014-04,臺東縣第04選區,議員(區域)
T1,T1-10014-05,臺東縣第05選區,議員(區域)
T1,T1-10014-06,臺東縣第06選區,議員(區域)
T1,T1-10015-01,花蓮縣第01選區,議員(區域)
T1,T1-10015-02,花蓮縣第02選區,議員(區域)
T1,T1-10015-03,花蓮縣第03選區,議員(區域)
T1,T1-10015-04,花蓮縣第04選區,議員(區域)
T1,T1-10016-01,澎湖縣第01選區,議員(區域)
T1,T1-10016-02,澎湖縣第02選區,議員(區域)
T1,T1-10016-03,澎湖縣第03選區,議員(區域)
T1,T1-10016-04,澎湖縣第04選區,議員(區域)
T1,T1-10016-05,澎湖縣第05選區,議員(區域)
T1,T1-10016-06,澎湖縣第06選區,議員(區域)
T1,T1-10017-01,基隆市第01選區,議員(區域)
T1,T1-10017-02,基隆市第02選區,議員(區域)
T1,T1-10017-03,基隆市第03選區,議員(區域)
T1,T1-10017-04,基隆市第04選區,議員(區域)
T1,T1-10017-05,基隆市第05選區,議員(區域)
T1,T1-10017-06,基隆市第06選區,議員(區域)
T1,T1-10017-07,基隆市第07選區,議員(區域)
T1,T1-10018-01,新竹市第01選區,議員(區域)
T1,T1-10018-02,新竹市第02選區,議員(區域)
T1,T1-10018-03,新竹市第03選區,議員(區域)
T1,T1-10018-04,新竹市第04選區,議員(區域)
T1,T1-10018-05,新竹市第05選區,議員(區域)
T1,T1-10020-01,嘉義市第01選區,議員(區域)
T1,T1-10020-02,嘉義市第02選區,議員(區域)
T1,T1-63000-01,臺北市第01選區,議員(區域)
T1,T1-63000-02,臺北市第02選區,議員(區域)
T1,T1-63000-03,臺北市第03選區,議員(區域)
T1,T1-63000-04,臺北市第04選區,議員(區域)
T1,T1-63000-05,臺北市第05選區,議員(區域)
T1,T1-63000-06,臺北市第06選區,議員(區域)
T1,T1-64000-01,高雄市第01選區,議員(區域)
T1,T1-64000-02,高雄市第02選區,議員(區域)
T1,T1-64000-03,高雄市第03選區,議員(區域)
T1,T1-64000-04,高雄市第04選區,議員(區域)
T1,T1-64000-05,高雄市第05選區,議員(區域)
T1,T1-64000-06,高雄市第06選區,議員(區域)
T1,T1-64000-07,高雄市第07選區,議員(區域)
T1,T1-64000-08,高雄市第08選區,議員(區域)
T1,T1-64000-09,高雄市第09選區,議員(區域)
T1,T1-64000-10,高雄市第10選區,議員(區域)
T1,T1-64000-11,高雄市第11選區,議員(區域)
T1,T1-65000-01,新北市第01選區,議員(區域)
T1,T1-65000-02,新北市第02選區,議員(區域)
T1,T1-65000-03,新北市第03選區,議員(區域)
T1,T1-65000-04,新北市第04選區,議員(區域)
T1,T1-65000-05,新北市第05選區,議員(區域)
T1,T1-65000-06,新北市第06選區,議員(區域)
T1,T1-65000-07,新北市第07選區,議員(區域)
T1,T1-65000-08,新北市第08選區,議員(區域)
T1,T1-65000-09,新北市第09選區,議員(區域)
T1,T1-65000-10,新北市第10選區,議員(區域)
T1,T1-65000-11,新北市第11選區,議員(區域)
T1,T1-66000-01,臺中市第01選區,議員(區域)
T1,T1-66000-02,臺中市第02選區,議員(區域)
T1,T1-66000-03,臺中市第03選區,議員(區域)
T1,T1-66000-04,臺中市第04選區,議員(區域)
T1,T1-66000-05,臺中市第05選區,議員(區域)
T1,T1-66000-06,臺中市第06選區,議員(區域)
T1,T1-66000-07,臺中市第07選區,議員(區域)
T1,T1-66000-08,臺中市第08選區,議員(區域)
T1,T1-66000-09,臺中市第09選區,議員(區域)
T1,T1-66000-10,臺中市第10選區,議員(區域)
T1,T1-66000-11,臺中市第11選區,議員(區域)
T1,T1-66000-12,臺中市第12選區,議員(區域)
T1,T1-66000-13,臺中市第13選區,議員(區域)
T1,T1-66000-14,臺中市第14選區,議員(區域)
T1,T1-67000-01,臺南市第01選區,議員(區域)
T1,T1-67000-02,臺南市第02選區,議員(區域)
T1,T1-67000-03,臺南市第03選區,議員(區域)
T1,T1-67000-04,臺南市第04選區,議員(區域)
T1,T1-67000-05,臺南市第05選區,議員(區域)
T1,T1-67000-06,臺南市第06選區,議員(區域)
T1,T1-67000-07,臺南市第07選區,議員(區域)
T1,T1-67000-08,臺南市第08選區,議員(區域)
T1,T1-67000-09,臺南市第09選區,議員(區域)
T1,T1-67000-10,臺南市第10選區,議員(區域)
T1,T1-67000-11,臺南市第11選區,議員(區域)
T1,T1-68000-01,桃園市第01選區,議員(區域)
T1,T1-68000-02,桃園市第02選區,議員(區域)
T1,T1-68000-03,桃園市第03選區,議員(區域)
T1,T1-68000-04,桃園市第04選區,議員(區域)
T1,T1-68000-05,桃園市第05選區,議員(區域)
T1,T1-68000-06,桃園市第06選區,議員(區域)
T1,T1-68000-07,桃園市第07選區,議員(區域)
T1,T1-68000-08,桃園市第08選區,議員(區域)
T1,T1-68000-09,桃園市第09選區,議員(區域)
T1,T1-68000-10,桃園市第10選區,議員(區域)
T1,T1-68000-11,桃園市第11選區,議員(區域)
T1,T1-68000-12,桃園市第12選區,議員(區域)
T2,T2-10002-11,宜蘭縣第11選區,議員(平地原住民)
T2,T2-10004-12,新竹縣第12選區,議員(平地原住民)
T2,T2-10005-07,苗栗縣第07選區,議員(平地原住民)
T2,T2-10007-09,彰化縣第09選區,議員(平地原住民)
T2,T2-10008-06,南投縣第06選區,議員(平地原住民)
T2,T2-10013-08,屏東縣第08選區,議員(平地原住民)
T2,T2-10014-07,臺東縣第07選區,議員(平地原住民)
T2,T2-10014-08,臺東縣第08選區,議員(平地原住民)
T2,T2-10014-09,臺東縣第09選區,議員(平地原住民)
T2,T2-10014-10,臺東縣第10選區,議員(平地原住民)
T2,T2-10014-11,臺東縣第11選區,議員(平地原住民)
T2,T2-10015-05,花蓮縣第05選區,議員(平地原住民)
T2,T2-10015-06,花蓮縣第06選區,議員(平地原住民)
T2,T2-10015-07,花蓮縣第07選區,議員(平地原住民)
T2,T2-10017-08,基隆市第08選區,議員(平地原住民)
T2,T2-10018-06,新竹市第06選區,議員(平地原住民)
T2,T2-63000-07,臺北市第07選區,議員(平地原住民)
T2,T2-64000-12,高雄市第12選區,議員(平地原住民)
T2,T2-65000-12,新北市第12選區,議員(平地原住民)
T2,T2-66000-15,臺中市第15選區,議員(平地原住民)
T2,T2-67000-12,臺南市第12選區,議員(平地原住民)
T2,T2-68000-13,桃園市第13選區,議員(平地原住民)
T3,T3-10002-12,宜蘭縣第12選區,議員(山地原住民)
T3,T3-10002-13,宜蘭縣第13選區,議員(山地原住民)
T3,T3-10004-13,新竹縣第13選區,議員(山地原住民)
T3,T3-10004-14,新竹縣第14選區,議員(山地原住民)
T3,T3-10005-08,苗栗縣第08選區,議員(山地原住民)
T3,T3-10007-10,彰化縣第10選區,議員(山地原住民)
T3,T3-10008-07,南投縣第07選區,議員(山地原住民)
T3,T3-10008-08,南投縣第08選區,議員(山地原住民)
T3,T3-10010-07,嘉義縣第07選區,議員(山地原住民)
T3,T3-10013-09,屏東縣第09選區,議員(山地原住民)
T3,T3-10013-10,屏東縣第10選區,議員(山地原住民)
T3,T3-10013-11,屏東縣第11選區,議員(山地原住民)
T3,T3-10013-12,屏東縣第12選區,議員(山地原住民)
T3,T3-10013-13,屏東縣第13選區,議員(山地原住民)
T3,T3-10013-14,屏東縣第14選區,議員(山地原住民)
T3,T3-10013-15,屏東縣第15選區,議員(山地原住民)
T3,T3-10013-16,屏東縣第16選區,議員(山地原住民)
T3,T3-10014-12,臺東縣第12選區,議員(山地原住民)
T3,T3-10014-13,臺東縣第13選區,議員(山地原住民)
T3,T3-10014-14,臺東縣第14選區,議員(山地原住民)
T3,T3-10014-15,臺東縣第15選區,議員(山地原住民)
T3,T3-10014-16,臺東縣第16選區,議員(山地原住民)
T3,T3-10015-08,花蓮縣第08選區,議員(山地原住民)
T3,T3-10015-09,花蓮縣第09選區,議員(山地原住民)
T3,T3-10015-10,花蓮縣第10選區,議員(山地原住民)
T3,T3-63000-08,臺北市第08選區,議員(山地原住民)
T3,T3-64000-13,高雄市第13選區,議員(山地原住民)
T3,T3-64000-14,高雄市第14選區,議員(山地原住民)
T3,T3-64000-15,高雄市第15選區,議員(山地原住民)
T3,T3-65000-13,新北市第13選區,議員(山地原住民)
T3,T3-66000-16,臺中市第16選區,議員(山地原住民)
T3,T3-66000-17,臺中市第17選區,議員(山地原住民)
T3,T3-67000-13,臺南市第13選區,議員(山地原住民)
T3,T3-68000-14,桃園市第14選區,議員(山地原住民)
